{
  "project_info": {
    "project_number": "1070364374481",
    "firebase_url": "https://chatconfran.firebaseio.com",
    "project_id": "chatconfran",
    "storage_bucket": "chatconfran.appspot.com"
  },
  "client": [
    {
      "client_info": {
        "mobilesdk_app_id": "1:1070364374481:android:04ab4c6322d514d9",
        "android_client_info": {
          "package_name": "es.vcarmen.chatconfran"
        }
      },
      "oauth_client": [
        {
          "client_id": "1070364374481-p9irml1pq5n1srub8mja6og9cu33539b.apps.googleusercontent.com",
          "client_type": 1,
          "android_info": {
            "package_name": "es.vcarmen.chatconfran",
            "certificate_hash": "322a7f550a482c9e6a694c91fdd0d0ceb6229de8"
          }
        },
        {
          "client_id": "1070364374481-rq2gj842uck5pnohotqvj6avapcf62q6.apps.googleusercontent.com",
          "client_type": 3
        }
      ],
      "api_key": [
        {
          "current_key": "AIzaSyA_N7yumkOFbNz2cgYK8VFgvovTxPzbihs"
        }
      ],
      "services": {
        "analytics_service": {
          "status": 1
        },
        "appinvite_service": {
          "status": 2,
          "other_platform_oauth_client": [
            {
              "client_id": "1070364374481-rq2gj842uck5pnohotqvj6avapcf62q6.apps.googleusercontent.com",
              "client_type": 3
            }
          ]
        },
        "ads_service": {
          "status": 2
        }
      }
    }
  ],
  "configuration_version": "1"
}