{
  "project_info": {
    "project_number": "714330681585",
    "firebase_url": "https://chatapp-5ef58.firebaseio.com",
    "project_id": "chatapp-5ef58",
    "storage_bucket": "chatapp-5ef58.appspot.com"
  },
  "client": [
    {
      "client_info": {
        "mobilesdk_app_id": "1:714330681585:android:6af4f7e7eeff66cf",
        "android_client_info": {
          "package_name": "com.iesvirgendelcarmen.chatapp"
        }
      },
      "oauth_client": [
        {
          "client_id": "714330681585-2qrdhue0t4sv28d6epbu2o1qnbej8g99.apps.googleusercontent.com",
          "client_type": 3
        }
      ],
      "api_key": [
        {
          "current_key": "AIzaSyCjvrPiaMEKH9H__Z1RCD9wkszwssMaL5Q"
        }
      ],
      "services": {
        "analytics_service": {
          "status": 1
        },
        "appinvite_service": {
          "status": 1,
          "other_platform_oauth_client": []
        },
        "ads_service": {
          "status": 2
        }
      }
    }
  ],
  "configuration_version": "1"
}