<?xml version="1.0" encoding="UTF-8"?>
<project-private xmlns="http://www.netbeans.org/ns/project-private/1">
    <editor-bookmarks xmlns="http://www.netbeans.org/ns/editor-bookmarks/2" lastBookmarkId="0"/>
    <open-files xmlns="http://www.netbeans.org/ns/projectui-open-files/2">
        <group>
            <file>file:/C:/Users/matinal/Documents/NetBeansProjects/GestionAcademica/web/css/material.css</file>
            <file>file:/C:/Users/matinal/Documents/NetBeansProjects/GestionAcademica/src/java/com/iesvdc/acceso/dao/Conexion.java</file>
            <file>file:/C:/Users/matinal/Documents/NetBeansProjects/GestionAcademica/src/resources/basededatos.sql</file>
            <file>file:/C:/Users/matinal/Documents/NetBeansProjects/GestionAcademica/src/java/com/iesvdc/acceso/dao/AlumnoDAO.java</file>
            <file>file:/C:/Users/matinal/Documents/NetBeansProjects/GestionAcademica/web/js/index.js</file>
            <file>file:/C:/Users/matinal/Documents/NetBeansProjects/GestionAcademica/src/java/com/iesvdc/acceso/dao/AlumnoDAOImpl.java</file>
            <file>file:/C:/Users/matinal/Documents/NetBeansProjects/GestionAcademica/web/index.html</file>
            <file>file:/C:/Users/matinal/Documents/NetBeansProjects/GestionAcademica/src/java/com/iesvdc/acceso/controlador/CrearAlumno.java</file>
        </group>
    </open-files>
</project-private>
