[{"id":1,"first_name":"Issy","last_name":"Igonet","email":"iigonet0@amazonaws.com"},
{"id":2,"first_name":"Smith","last_name":"Coskerry","email":"scoskerry1@npr.org"},
{"id":3,"first_name":"Xenia","last_name":"Ciccarelli","email":"xciccarelli2@indiatimes.com"},
{"id":4,"first_name":"Celestia","last_name":"Solon","email":"csolon3@wired.com"},
{"id":5,"first_name":"Wanda","last_name":"Ethington","email":"wethington4@cam.ac.uk"},
{"id":6,"first_name":"Laureen","last_name":"Taillard","email":"ltaillard5@fc2.com"},
{"id":7,"first_name":"Theadora","last_name":"Caen","email":"tcaen6@oakley.com"},
{"id":8,"first_name":"Aube","last_name":"Majury","email":"amajury7@google.com.br"},
{"id":9,"first_name":"Julie","last_name":"Taffarello","email":"jtaffarello8@csmonitor.com"},
{"id":10,"first_name":"Joshuah","last_name":"Shipp","email":"jshipp9@google.es"},
{"id":11,"first_name":"Linda","last_name":"Straughan","email":"lstraughana@wunderground.com"},
{"id":12,"first_name":"Evelina","last_name":"Lusk","email":"eluskb@cdbaby.com"},
{"id":13,"first_name":"Farrel","last_name":"Tuting","email":"ftutingc@cisco.com"},
{"id":14,"first_name":"Gabie","last_name":"Harradence","email":"gharradenced@xing.com"},
{"id":15,"first_name":"Wandis","last_name":"Bickerdyke","email":"wbickerdykee@amazon.de"},
{"id":16,"first_name":"Kameko","last_name":"Iddenden","email":"kiddendenf@friendfeed.com"},
{"id":17,"first_name":"Anjanette","last_name":"Ginnane","email":"aginnaneg@whitehouse.gov"},
{"id":18,"first_name":"Janean","last_name":"Niblock","email":"jniblockh@wikia.com"},
{"id":19,"first_name":"Jaine","last_name":"Piniur","email":"jpiniuri@people.com.cn"},
{"id":20,"first_name":"Garek","last_name":"Snoxell","email":"gsnoxellj@gravatar.com"},
{"id":21,"first_name":"Eda","last_name":"Yurchishin","email":"eyurchishink@homestead.com"},
{"id":22,"first_name":"Ekaterina","last_name":"Pardey","email":"epardeyl@mysql.com"},
{"id":23,"first_name":"Jacquenetta","last_name":"Cradey","email":"jcradeym@chronoengine.com"},
{"id":24,"first_name":"Mattie","last_name":"Garrals","email":"mgarralsn@phpbb.com"},
{"id":25,"first_name":"Cinnamon","last_name":"Stedall","email":"cstedallo@blinklist.com"},
{"id":26,"first_name":"Helyn","last_name":"Golden of Ireland","email":"hgoldenofirelandp@walmart.com"},
{"id":27,"first_name":"Sydel","last_name":"Audiss","email":"saudissq@netlog.com"},
{"id":28,"first_name":"Laraine","last_name":"Tidd","email":"ltiddr@thetimes.co.uk"},
{"id":29,"first_name":"Willow","last_name":"Bowry","email":"wbowrys@sbwire.com"},
{"id":30,"first_name":"Herold","last_name":"Meale","email":"hmealet@reference.com"},
{"id":31,"first_name":"Denys","last_name":"McMenamy","email":"dmcmenamyu@linkedin.com"},
{"id":32,"first_name":"Marysa","last_name":"Challiss","email":"mchallissv@slate.com"},
{"id":33,"first_name":"Xenia","last_name":"Whickman","email":"xwhickmanw@360.cn"},
{"id":34,"first_name":"Devi","last_name":"Drinkall","email":"ddrinkallx@chron.com"},
{"id":35,"first_name":"Brooks","last_name":"McEwan","email":"bmcewany@comcast.net"},
{"id":36,"first_name":"Lenka","last_name":"Watkiss","email":"lwatkissz@wordpress.com"},
{"id":37,"first_name":"Elvina","last_name":"Corbould","email":"ecorbould10@jigsy.com"},
{"id":38,"first_name":"Essa","last_name":"Stroud","email":"estroud11@census.gov"},
{"id":39,"first_name":"Rici","last_name":"Fouch","email":"rfouch12@privacy.gov.au"},
{"id":40,"first_name":"Eden","last_name":"Velte","email":"evelte13@ifeng.com"},
{"id":41,"first_name":"Yetty","last_name":"Midson","email":"ymidson14@ucoz.com"},
{"id":42,"first_name":"Giff","last_name":"Augustus","email":"gaugustus15@weather.com"},
{"id":43,"first_name":"Othelia","last_name":"Dennington","email":"odennington16@usatoday.com"},
{"id":44,"first_name":"Hermine","last_name":"Andrus","email":"handrus17@example.com"},
{"id":45,"first_name":"Nanette","last_name":"Colborn","email":"ncolborn18@hostgator.com"},
{"id":46,"first_name":"Maje","last_name":"Pountney","email":"mpountney19@reverbnation.com"},
{"id":47,"first_name":"Karlie","last_name":"Robart","email":"krobart1a@washington.edu"},
{"id":48,"first_name":"Marigold","last_name":"Gossling","email":"mgossling1b@simplemachines.org"},
{"id":49,"first_name":"Mart","last_name":"Dacke","email":"mdacke1c@shareasale.com"},
{"id":50,"first_name":"Willdon","last_name":"Danilewicz","email":"wdanilewicz1d@flavors.me"},
{"id":51,"first_name":"Sibby","last_name":"Demageard","email":"sdemageard1e@jalbum.net"},
{"id":52,"first_name":"Jozef","last_name":"Boath","email":"jboath1f@163.com"},
{"id":53,"first_name":"Joly","last_name":"Dottridge","email":"jdottridge1g@theatlantic.com"},
{"id":54,"first_name":"Butch","last_name":"Labbe","email":"blabbe1h@51.la"},
{"id":55,"first_name":"Salli","last_name":"Emmet","email":"semmet1i@vistaprint.com"},
{"id":56,"first_name":"Elsa","last_name":"Charrett","email":"echarrett1j@jimdo.com"},
{"id":57,"first_name":"Mary","last_name":"Rosenfarb","email":"mrosenfarb1k@about.me"},
{"id":58,"first_name":"Bard","last_name":"Abramin","email":"babramin1l@cbsnews.com"},
{"id":59,"first_name":"Lacie","last_name":"Barker","email":"lbarker1m@gravatar.com"},
{"id":60,"first_name":"Gwendolin","last_name":"Bleesing","email":"gbleesing1n@cocolog-nifty.com"},
{"id":61,"first_name":"Sileas","last_name":"Jobbins","email":"sjobbins1o@domainmarket.com"},
{"id":62,"first_name":"Gerianna","last_name":"Phlippi","email":"gphlippi1p@hubpages.com"},
{"id":63,"first_name":"Daveen","last_name":"Pacquet","email":"dpacquet1q@liveinternet.ru"},
{"id":64,"first_name":"Rhoda","last_name":"Lett","email":"rlett1r@slate.com"},
{"id":65,"first_name":"Allix","last_name":"Jenner","email":"ajenner1s@webs.com"},
{"id":66,"first_name":"Matelda","last_name":"Loney","email":"mloney1t@photobucket.com"},
{"id":67,"first_name":"Galen","last_name":"Geck","email":"ggeck1u@nature.com"},
{"id":68,"first_name":"Kimbra","last_name":"MacKey","email":"kmackey1v@t-online.de"},
{"id":69,"first_name":"Dodie","last_name":"Sampson","email":"dsampson1w@abc.net.au"},
{"id":70,"first_name":"Trace","last_name":"Swatman","email":"tswatman1x@i2i.jp"},
{"id":71,"first_name":"Marcelo","last_name":"Ebbetts","email":"mebbetts1y@yellowpages.com"},
{"id":72,"first_name":"Emmalyn","last_name":"McKinnon","email":"emckinnon1z@apple.com"},
{"id":73,"first_name":"Cassie","last_name":"Pettet","email":"cpettet20@mlb.com"},
{"id":74,"first_name":"Eugene","last_name":"Atyeo","email":"eatyeo21@jimdo.com"},
{"id":75,"first_name":"Estele","last_name":"Hannaway","email":"ehannaway22@netscape.com"},
{"id":76,"first_name":"Trixie","last_name":"Gladding","email":"tgladding23@pagesperso-orange.fr"},
{"id":77,"first_name":"Blanch","last_name":"Kitney","email":"bkitney24@ycombinator.com"},
{"id":78,"first_name":"Arvy","last_name":"O'Hara","email":"aohara25@nsw.gov.au"},
{"id":79,"first_name":"Nicolai","last_name":"Glaister","email":"nglaister26@wikia.com"},
{"id":80,"first_name":"Christy","last_name":"Yashnov","email":"cyashnov27@bravesites.com"},
{"id":81,"first_name":"Niven","last_name":"Parslow","email":"nparslow28@infoseek.co.jp"},
{"id":82,"first_name":"Yul","last_name":"Elward","email":"yelward29@comsenz.com"},
{"id":83,"first_name":"Engelbert","last_name":"Batrop","email":"ebatrop2a@pbs.org"},
{"id":84,"first_name":"Elmo","last_name":"O'Rourke","email":"eorourke2b@posterous.com"},
{"id":85,"first_name":"Misha","last_name":"McGannon","email":"mmcgannon2c@flickr.com"},
{"id":86,"first_name":"Maurie","last_name":"Burwell","email":"mburwell2d@i2i.jp"},
{"id":87,"first_name":"Aloisia","last_name":"Zute","email":"azute2e@eepurl.com"},
{"id":88,"first_name":"Obidiah","last_name":"McAneny","email":"omcaneny2f@newyorker.com"},
{"id":89,"first_name":"Pauletta","last_name":"Larking","email":"plarking2g@gmpg.org"},
{"id":90,"first_name":"Velvet","last_name":"Pablos","email":"vpablos2h@themeforest.net"},
{"id":91,"first_name":"Carmel","last_name":"Danels","email":"cdanels2i@bluehost.com"},
{"id":92,"first_name":"Daune","last_name":"Paulet","email":"dpaulet2j@e-recht24.de"},
{"id":93,"first_name":"Gerladina","last_name":"Montacute","email":"gmontacute2k@xing.com"},
{"id":94,"first_name":"Morris","last_name":"Cowap","email":"mcowap2l@unesco.org"},
{"id":95,"first_name":"Wain","last_name":"Felgat","email":"wfelgat2m@seattletimes.com"},
{"id":96,"first_name":"Rikki","last_name":"Nineham","email":"rnineham2n@rambler.ru"},
{"id":97,"first_name":"Auroora","last_name":"Garner","email":"agarner2o@cam.ac.uk"},
{"id":98,"first_name":"Tomi","last_name":"Gloster","email":"tgloster2p@soup.io"},
{"id":99,"first_name":"Krishna","last_name":"O'Dyvoie","email":"kodyvoie2q@vimeo.com"},
{"id":100,"first_name":"Welch","last_name":"Kilbane","email":"wkilbane2r@google.com"},
{"id":101,"first_name":"Andre","last_name":"Kleinerman","email":"akleinerman2s@naver.com"},
{"id":102,"first_name":"Cesaro","last_name":"Lavis","email":"clavis2t@wsj.com"},
{"id":103,"first_name":"Sal","last_name":"Fright","email":"sfright2u@creativecommons.org"},
{"id":104,"first_name":"Edgar","last_name":"Knobell","email":"eknobell2v@gmpg.org"},
{"id":105,"first_name":"Syd","last_name":"Pulsford","email":"spulsford2w@un.org"},
{"id":106,"first_name":"Catha","last_name":"Oxenden","email":"coxenden2x@nymag.com"},
{"id":107,"first_name":"Lydon","last_name":"Allkins","email":"lallkins2y@addthis.com"},
{"id":108,"first_name":"Philippe","last_name":"Bendig","email":"pbendig2z@aol.com"},
{"id":109,"first_name":"Austine","last_name":"Towse","email":"atowse30@forbes.com"},
{"id":110,"first_name":"Honoria","last_name":"Plane","email":"hplane31@smh.com.au"},
{"id":111,"first_name":"Jeramie","last_name":"Craigg","email":"jcraigg32@state.gov"},
{"id":112,"first_name":"Mirelle","last_name":"Saipy","email":"msaipy33@jalbum.net"},
{"id":113,"first_name":"Myrilla","last_name":"Phelipeau","email":"mphelipeau34@bbc.co.uk"},
{"id":114,"first_name":"Suki","last_name":"Hammett","email":"shammett35@discovery.com"},
{"id":115,"first_name":"Florella","last_name":"Searchfield","email":"fsearchfield36@mediafire.com"},
{"id":116,"first_name":"Darb","last_name":"Cottell","email":"dcottell37@163.com"},
{"id":117,"first_name":"Ceciley","last_name":"Bassindale","email":"cbassindale38@webeden.co.uk"},
{"id":118,"first_name":"Brandie","last_name":"Simcox","email":"bsimcox39@123-reg.co.uk"},
{"id":119,"first_name":"Fidole","last_name":"Richings","email":"frichings3a@who.int"},
{"id":120,"first_name":"Earle","last_name":"Higginbottam","email":"ehigginbottam3b@gov.uk"},
{"id":121,"first_name":"Ettie","last_name":"Crewe","email":"ecrewe3c@baidu.com"},
{"id":122,"first_name":"Toddy","last_name":"Keers","email":"tkeers3d@typepad.com"},
{"id":123,"first_name":"Carlynn","last_name":"MacAndie","email":"cmacandie3e@apple.com"},
{"id":124,"first_name":"Chanda","last_name":"Grayson","email":"cgrayson3f@dailymail.co.uk"},
{"id":125,"first_name":"May","last_name":"Coggeshall","email":"mcoggeshall3g@walmart.com"},
{"id":126,"first_name":"Valle","last_name":"Kernock","email":"vkernock3h@twitpic.com"},
{"id":127,"first_name":"Jilleen","last_name":"Monkeman","email":"jmonkeman3i@nsw.gov.au"},
{"id":128,"first_name":"Zondra","last_name":"Jobe","email":"zjobe3j@skyrock.com"},
{"id":129,"first_name":"Nelia","last_name":"Segoe","email":"nsegoe3k@gov.uk"},
{"id":130,"first_name":"Daron","last_name":"Sherrin","email":"dsherrin3l@simplemachines.org"},
{"id":131,"first_name":"Elihu","last_name":"O'Towey","email":"eotowey3m@gravatar.com"},
{"id":132,"first_name":"Clementina","last_name":"Antognazzi","email":"cantognazzi3n@berkeley.edu"},
{"id":133,"first_name":"Lesya","last_name":"Clara","email":"lclara3o@unesco.org"},
{"id":134,"first_name":"Jacenta","last_name":"Dossettor","email":"jdossettor3p@mozilla.com"},
{"id":135,"first_name":"Thorvald","last_name":"Ranken","email":"tranken3q@mozilla.org"},
{"id":136,"first_name":"Penelope","last_name":"Lipscombe","email":"plipscombe3r@stanford.edu"},
{"id":137,"first_name":"Ralina","last_name":"Lakeland","email":"rlakeland3s@hao123.com"},
{"id":138,"first_name":"Raye","last_name":"Gillings","email":"rgillings3t@wikia.com"},
{"id":139,"first_name":"Kerry","last_name":"Stirrip","email":"kstirrip3u@telegraph.co.uk"},
{"id":140,"first_name":"Neddie","last_name":"Trenoweth","email":"ntrenoweth3v@ft.com"},
{"id":141,"first_name":"Jeffrey","last_name":"Kornalik","email":"jkornalik3w@who.int"},
{"id":142,"first_name":"Essy","last_name":"Mountford","email":"emountford3x@ning.com"},
{"id":143,"first_name":"Cos","last_name":"Brosch","email":"cbrosch3y@twitter.com"},
{"id":144,"first_name":"Dalt","last_name":"Heers","email":"dheers3z@weibo.com"},
{"id":145,"first_name":"Cynthy","last_name":"Euplate","email":"ceuplate40@answers.com"},
{"id":146,"first_name":"Maggy","last_name":"Brocks","email":"mbrocks41@bluehost.com"},
{"id":147,"first_name":"Reinhard","last_name":"Boules","email":"rboules42@hubpages.com"},
{"id":148,"first_name":"Vyky","last_name":"Bowering","email":"vbowering43@cbsnews.com"},
{"id":149,"first_name":"Mil","last_name":"Benterman","email":"mbenterman44@ihg.com"},
{"id":150,"first_name":"Jewelle","last_name":"Switsur","email":"jswitsur45@ucoz.ru"},
{"id":151,"first_name":"Geneva","last_name":"Dain","email":"gdain46@mapquest.com"},
{"id":152,"first_name":"Craggy","last_name":"Ianilli","email":"cianilli47@omniture.com"},
{"id":153,"first_name":"Cathy","last_name":"Caffrey","email":"ccaffrey48@goo.ne.jp"},
{"id":154,"first_name":"Fredi","last_name":"McDavitt","email":"fmcdavitt49@theglobeandmail.com"},
{"id":155,"first_name":"Marena","last_name":"Camois","email":"mcamois4a@wisc.edu"},
{"id":156,"first_name":"Dottie","last_name":"Hardage","email":"dhardage4b@newyorker.com"},
{"id":157,"first_name":"Dulcie","last_name":"Bram","email":"dbram4c@about.com"},
{"id":158,"first_name":"Melisent","last_name":"Ripping","email":"mripping4d@opera.com"},
{"id":159,"first_name":"Jada","last_name":"Cowie","email":"jcowie4e@comsenz.com"},
{"id":160,"first_name":"Angelia","last_name":"Badsey","email":"abadsey4f@booking.com"},
{"id":161,"first_name":"Niccolo","last_name":"Nosworthy","email":"nnosworthy4g@cafepress.com"},
{"id":162,"first_name":"Roderich","last_name":"Lief","email":"rlief4h@oracle.com"},
{"id":163,"first_name":"Donny","last_name":"Hambers","email":"dhambers4i@oracle.com"},
{"id":164,"first_name":"Davy","last_name":"Madoc-Jones","email":"dmadocjones4j@facebook.com"},
{"id":165,"first_name":"Idaline","last_name":"Stainsby","email":"istainsby4k@gov.uk"},
{"id":166,"first_name":"Ronni","last_name":"Dusting","email":"rdusting4l@narod.ru"},
{"id":167,"first_name":"Fernanda","last_name":"Meritt","email":"fmeritt4m@slate.com"},
{"id":168,"first_name":"Deva","last_name":"Yuryatin","email":"dyuryatin4n@cmu.edu"},
{"id":169,"first_name":"Billy","last_name":"Kahan","email":"bkahan4o@prnewswire.com"},
{"id":170,"first_name":"Francisca","last_name":"Gocher","email":"fgocher4p@wordpress.org"},
{"id":171,"first_name":"Erasmus","last_name":"Sket","email":"esket4q@rakuten.co.jp"},
{"id":172,"first_name":"Briny","last_name":"Capehorn","email":"bcapehorn4r@buzzfeed.com"},
{"id":173,"first_name":"Harald","last_name":"Garvin","email":"hgarvin4s@google.co.jp"},
{"id":174,"first_name":"Urson","last_name":"Blazej","email":"ublazej4t@economist.com"},
{"id":175,"first_name":"Debra","last_name":"Aire","email":"daire4u@twitter.com"},
{"id":176,"first_name":"Georgie","last_name":"de Leon","email":"gdeleon4v@jugem.jp"},
{"id":177,"first_name":"Ursa","last_name":"Conklin","email":"uconklin4w@last.fm"},
{"id":178,"first_name":"Fifi","last_name":"Tomasian","email":"ftomasian4x@altervista.org"},
{"id":179,"first_name":"Hermina","last_name":"Sheekey","email":"hsheekey4y@cargocollective.com"},
{"id":180,"first_name":"Barbee","last_name":"Grinston","email":"bgrinston4z@blogger.com"},
{"id":181,"first_name":"Vivianne","last_name":"Meredith","email":"vmeredith50@soup.io"},
{"id":182,"first_name":"Rikki","last_name":"Dethloff","email":"rdethloff51@fc2.com"},
{"id":183,"first_name":"Beale","last_name":"Tees","email":"btees52@sourceforge.net"},
{"id":184,"first_name":"Orion","last_name":"Gerg","email":"ogerg53@privacy.gov.au"},
{"id":185,"first_name":"Jone","last_name":"Bosquet","email":"jbosquet54@jiathis.com"},
{"id":186,"first_name":"Alfreda","last_name":"Solly","email":"asolly55@csmonitor.com"},
{"id":187,"first_name":"Ray","last_name":"Lebbern","email":"rlebbern56@purevolume.com"},
{"id":188,"first_name":"Eydie","last_name":"Clitheroe","email":"eclitheroe57@simplemachines.org"},
{"id":189,"first_name":"Brien","last_name":"Trayhorn","email":"btrayhorn58@bigcartel.com"},
{"id":190,"first_name":"Ragnar","last_name":"Ragbourne","email":"rragbourne59@phpbb.com"},
{"id":191,"first_name":"Erasmus","last_name":"Borland","email":"eborland5a@nydailynews.com"},
{"id":192,"first_name":"Darbee","last_name":"Coulter","email":"dcoulter5b@umn.edu"},
{"id":193,"first_name":"Ethelbert","last_name":"Gockeler","email":"egockeler5c@ox.ac.uk"},
{"id":194,"first_name":"Jervis","last_name":"Garken","email":"jgarken5d@vimeo.com"},
{"id":195,"first_name":"Lezlie","last_name":"Ennor","email":"lennor5e@aboutads.info"},
{"id":196,"first_name":"Darnall","last_name":"Goodnow","email":"dgoodnow5f@amazon.com"},
{"id":197,"first_name":"Joletta","last_name":"McInally","email":"jmcinally5g@tripod.com"},
{"id":198,"first_name":"Perceval","last_name":"Halsall","email":"phalsall5h@purevolume.com"},
{"id":199,"first_name":"Phaidra","last_name":"Brownhall","email":"pbrownhall5i@newyorker.com"},
{"id":200,"first_name":"Kata","last_name":"Docharty","email":"kdocharty5j@yahoo.com"},
{"id":201,"first_name":"Graeme","last_name":"Dallywater","email":"gdallywater5k@sciencedaily.com"},
{"id":202,"first_name":"Kearney","last_name":"Rawood","email":"krawood5l@chronoengine.com"},
{"id":203,"first_name":"Pancho","last_name":"Suggitt","email":"psuggitt5m@go.com"},
{"id":204,"first_name":"Grover","last_name":"Longman","email":"glongman5n@issuu.com"},
{"id":205,"first_name":"Sabra","last_name":"Fairburne","email":"sfairburne5o@yandex.ru"},
{"id":206,"first_name":"Bernette","last_name":"Nock","email":"bnock5p@deviantart.com"},
{"id":207,"first_name":"Alexandre","last_name":"Crutcher","email":"acrutcher5q@google.nl"},
{"id":208,"first_name":"Rosalyn","last_name":"Jones","email":"rjones5r@google.com.au"},
{"id":209,"first_name":"Hermione","last_name":"Girtin","email":"hgirtin5s@google.fr"},
{"id":210,"first_name":"Gerda","last_name":"Wilkenson","email":"gwilkenson5t@utexas.edu"},
{"id":211,"first_name":"Portia","last_name":"Berrecloth","email":"pberrecloth5u@free.fr"},
{"id":212,"first_name":"Maude","last_name":"Bygrave","email":"mbygrave5v@friendfeed.com"},
{"id":213,"first_name":"Alix","last_name":"Chirm","email":"achirm5w@vinaora.com"},
{"id":214,"first_name":"Kaitlyn","last_name":"Hufton","email":"khufton5x@youtube.com"},
{"id":215,"first_name":"Morrie","last_name":"Cammell","email":"mcammell5y@chron.com"},
{"id":216,"first_name":"Nadya","last_name":"Towne","email":"ntowne5z@dot.gov"},
{"id":217,"first_name":"Saraann","last_name":"Cabral","email":"scabral60@dion.ne.jp"},
{"id":218,"first_name":"Briant","last_name":"Aliberti","email":"baliberti61@slashdot.org"},
{"id":219,"first_name":"Corby","last_name":"Maypother","email":"cmaypother62@theglobeandmail.com"},
{"id":220,"first_name":"Celeste","last_name":"Pibworth","email":"cpibworth63@hatena.ne.jp"},
{"id":221,"first_name":"Lewiss","last_name":"Carwithen","email":"lcarwithen64@auda.org.au"},
{"id":222,"first_name":"Renaud","last_name":"Pittman","email":"rpittman65@csmonitor.com"},
{"id":223,"first_name":"Tabbatha","last_name":"Worboys","email":"tworboys66@cafepress.com"},
{"id":224,"first_name":"Chip","last_name":"Sharman","email":"csharman67@wired.com"},
{"id":225,"first_name":"Lynda","last_name":"Allington","email":"lallington68@photobucket.com"},
{"id":226,"first_name":"Gearard","last_name":"Vallery","email":"gvallery69@theglobeandmail.com"},
{"id":227,"first_name":"Morganne","last_name":"Gimson","email":"mgimson6a@altervista.org"},
{"id":228,"first_name":"Willyt","last_name":"McLemon","email":"wmclemon6b@tiny.cc"},
{"id":229,"first_name":"Gerry","last_name":"Sicily","email":"gsicily6c@pen.io"},
{"id":230,"first_name":"Jillana","last_name":"Airth","email":"jairth6d@sphinn.com"},
{"id":231,"first_name":"Lester","last_name":"Dockrell","email":"ldockrell6e@salon.com"},
{"id":232,"first_name":"Yves","last_name":"Lettley","email":"ylettley6f@barnesandnoble.com"},
{"id":233,"first_name":"Dale","last_name":"Cuolahan","email":"dcuolahan6g@wp.com"},
{"id":234,"first_name":"Putnam","last_name":"Boydon","email":"pboydon6h@dropbox.com"},
{"id":235,"first_name":"Jillian","last_name":"Dutson","email":"jdutson6i@ucoz.com"},
{"id":236,"first_name":"Shanan","last_name":"Dorn","email":"sdorn6j@mozilla.org"},
{"id":237,"first_name":"Valentine","last_name":"Alfonzo","email":"valfonzo6k@taobao.com"},
{"id":238,"first_name":"Christiane","last_name":"Romaines","email":"cromaines6l@time.com"},
{"id":239,"first_name":"Pammie","last_name":"Scholard","email":"pscholard6m@amazon.de"},
{"id":240,"first_name":"Helen-elizabeth","last_name":"Boote","email":"hboote6n@psu.edu"},
{"id":241,"first_name":"Edyth","last_name":"Roxbrough","email":"eroxbrough6o@umn.edu"},
{"id":242,"first_name":"Cyb","last_name":"Guinn","email":"cguinn6p@salon.com"},
{"id":243,"first_name":"Deana","last_name":"Eslinger","email":"deslinger6q@miitbeian.gov.cn"},
{"id":244,"first_name":"Carmelle","last_name":"Cosford","email":"ccosford6r@rakuten.co.jp"},
{"id":245,"first_name":"Carmita","last_name":"Thomelin","email":"cthomelin6s@amazon.co.jp"},
{"id":246,"first_name":"Malva","last_name":"Tetlow","email":"mtetlow6t@biglobe.ne.jp"},
{"id":247,"first_name":"Belle","last_name":"Sewall","email":"bsewall6u@salon.com"},
{"id":248,"first_name":"Nessi","last_name":"Elnor","email":"nelnor6v@purevolume.com"},
{"id":249,"first_name":"Carmine","last_name":"Stilling","email":"cstilling6w@xrea.com"},
{"id":250,"first_name":"Alphonso","last_name":"Syvret","email":"asyvret6x@globo.com"},
{"id":251,"first_name":"Kip","last_name":"Doel","email":"kdoel6y@wp.com"},
{"id":252,"first_name":"Clair","last_name":"Danels","email":"cdanels6z@dedecms.com"},
{"id":253,"first_name":"Amye","last_name":"Kenset","email":"akenset70@cbc.ca"},
{"id":254,"first_name":"Maire","last_name":"Rousel","email":"mrousel71@google.com.au"},
{"id":255,"first_name":"Earvin","last_name":"Sanja","email":"esanja72@shareasale.com"},
{"id":256,"first_name":"Alasdair","last_name":"Chrippes","email":"achrippes73@cdbaby.com"},
{"id":257,"first_name":"Eulalie","last_name":"Noraway","email":"enoraway74@posterous.com"},
{"id":258,"first_name":"Baron","last_name":"Wilmut","email":"bwilmut75@edublogs.org"},
{"id":259,"first_name":"Gunar","last_name":"Tapley","email":"gtapley76@princeton.edu"},
{"id":260,"first_name":"Abie","last_name":"Canavan","email":"acanavan77@multiply.com"},
{"id":261,"first_name":"Rafaelia","last_name":"Challenor","email":"rchallenor78@goodreads.com"},
{"id":262,"first_name":"Kaiser","last_name":"Stovin","email":"kstovin79@house.gov"},
{"id":263,"first_name":"Tuck","last_name":"Januszewicz","email":"tjanuszewicz7a@discuz.net"},
{"id":264,"first_name":"Guillema","last_name":"Siddaley","email":"gsiddaley7b@google.cn"},
{"id":265,"first_name":"Larry","last_name":"Keningham","email":"lkeningham7c@tuttocitta.it"},
{"id":266,"first_name":"Andra","last_name":"Johnsson","email":"ajohnsson7d@webnode.com"},
{"id":267,"first_name":"Baxter","last_name":"Gerbi","email":"bgerbi7e@usatoday.com"},
{"id":268,"first_name":"Riley","last_name":"DeSousa","email":"rdesousa7f@nih.gov"},
{"id":269,"first_name":"Charissa","last_name":"Tatton","email":"ctatton7g@chron.com"},
{"id":270,"first_name":"Annamarie","last_name":"Swinney","email":"aswinney7h@upenn.edu"},
{"id":271,"first_name":"Tami","last_name":"Basson","email":"tbasson7i@tuttocitta.it"},
{"id":272,"first_name":"Ethyl","last_name":"Uren","email":"euren7j@chron.com"},
{"id":273,"first_name":"Maxie","last_name":"Iglesiaz","email":"miglesiaz7k@vkontakte.ru"},
{"id":274,"first_name":"Barry","last_name":"McTerry","email":"bmcterry7l@arizona.edu"},
{"id":275,"first_name":"Kenny","last_name":"Hallick","email":"khallick7m@utexas.edu"},
{"id":276,"first_name":"Quintus","last_name":"Mayger","email":"qmayger7n@shareasale.com"},
{"id":277,"first_name":"Nanon","last_name":"Caselli","email":"ncaselli7o@tuttocitta.it"},
{"id":278,"first_name":"Pauly","last_name":"Pering","email":"ppering7p@chronoengine.com"},
{"id":279,"first_name":"Graham","last_name":"Jaspar","email":"gjaspar7q@si.edu"},
{"id":280,"first_name":"Rena","last_name":"Walne","email":"rwalne7r@umn.edu"},
{"id":281,"first_name":"Ulla","last_name":"Gagen","email":"ugagen7s@economist.com"},
{"id":282,"first_name":"Brewer","last_name":"Harback","email":"bharback7t@latimes.com"},
{"id":283,"first_name":"June","last_name":"Semarke","email":"jsemarke7u@php.net"},
{"id":284,"first_name":"Gil","last_name":"Dyer","email":"gdyer7v@flickr.com"},
{"id":285,"first_name":"Pearla","last_name":"Rosenzwig","email":"prosenzwig7w@php.net"},
{"id":286,"first_name":"Starla","last_name":"Brellin","email":"sbrellin7x@huffingtonpost.com"},
{"id":287,"first_name":"Rad","last_name":"Cartner","email":"rcartner7y@qq.com"},
{"id":288,"first_name":"Sammy","last_name":"Wenman","email":"swenman7z@nationalgeographic.com"},
{"id":289,"first_name":"Maribelle","last_name":"Sieghard","email":"msieghard80@nature.com"},
{"id":290,"first_name":"Gian","last_name":"Newing","email":"gnewing81@umich.edu"},
{"id":291,"first_name":"Marnie","last_name":"Hubbard","email":"mhubbard82@phoca.cz"},
{"id":292,"first_name":"Aubree","last_name":"Benduhn","email":"abenduhn83@va.gov"},
{"id":293,"first_name":"Bronson","last_name":"Eastope","email":"beastope84@psu.edu"},
{"id":294,"first_name":"Roxi","last_name":"Purtell","email":"rpurtell85@homestead.com"},
{"id":295,"first_name":"Katrina","last_name":"Merrydew","email":"kmerrydew86@dmoz.org"},
{"id":296,"first_name":"Reg","last_name":"Hussy","email":"rhussy87@delicious.com"},
{"id":297,"first_name":"Emogene","last_name":"Tapson","email":"etapson88@psu.edu"},
{"id":298,"first_name":"Celesta","last_name":"Penney","email":"cpenney89@geocities.jp"},
{"id":299,"first_name":"Orin","last_name":"Taffrey","email":"otaffrey8a@usa.gov"},
{"id":300,"first_name":"Carny","last_name":"Edwicke","email":"cedwicke8b@ebay.com"},
{"id":301,"first_name":"Ambur","last_name":"Hinkes","email":"ahinkes8c@posterous.com"},
{"id":302,"first_name":"Elvin","last_name":"Dubbin","email":"edubbin8d@about.me"},
{"id":303,"first_name":"Laurie","last_name":"Trelease","email":"ltrelease8e@wsj.com"},
{"id":304,"first_name":"Harvey","last_name":"Sargeaunt","email":"hsargeaunt8f@sciencedirect.com"},
{"id":305,"first_name":"Nanci","last_name":"Howley","email":"nhowley8g@163.com"},
{"id":306,"first_name":"Neda","last_name":"Goford","email":"ngoford8h@vimeo.com"},
{"id":307,"first_name":"Welsh","last_name":"Jeanequin","email":"wjeanequin8i@wikipedia.org"},
{"id":308,"first_name":"Kitty","last_name":"Cornilleau","email":"kcornilleau8j@paypal.com"},
{"id":309,"first_name":"Heidi","last_name":"Attrey","email":"hattrey8k@wix.com"},
{"id":310,"first_name":"Denice","last_name":"Grumble","email":"dgrumble8l@umich.edu"},
{"id":311,"first_name":"Stanislaw","last_name":"Derisly","email":"sderisly8m@unblog.fr"},
{"id":312,"first_name":"Blondelle","last_name":"Mynett","email":"bmynett8n@technorati.com"},
{"id":313,"first_name":"Jeffrey","last_name":"Chesshyre","email":"jchesshyre8o@woothemes.com"},
{"id":314,"first_name":"Etti","last_name":"Dawidowsky","email":"edawidowsky8p@mapy.cz"},
{"id":315,"first_name":"Bent","last_name":"Burfitt","email":"bburfitt8q@imgur.com"},
{"id":316,"first_name":"Abbye","last_name":"Swanston","email":"aswanston8r@facebook.com"},
{"id":317,"first_name":"Saundra","last_name":"Orwin","email":"sorwin8s@java.com"},
{"id":318,"first_name":"Caz","last_name":"Simyson","email":"csimyson8t@nih.gov"},
{"id":319,"first_name":"Wildon","last_name":"Dan","email":"wdan8u@yahoo.com"},
{"id":320,"first_name":"Annis","last_name":"Baskwell","email":"abaskwell8v@home.pl"},
{"id":321,"first_name":"Noelle","last_name":"Trevascus","email":"ntrevascus8w@wired.com"},
{"id":322,"first_name":"Brennen","last_name":"Hardaker","email":"bhardaker8x@infoseek.co.jp"},
{"id":323,"first_name":"Merrielle","last_name":"Petrulis","email":"mpetrulis8y@woothemes.com"},
{"id":324,"first_name":"Wood","last_name":"Canning","email":"wcanning8z@livejournal.com"},
{"id":325,"first_name":"Matthaeus","last_name":"Clancey","email":"mclancey90@kickstarter.com"},
{"id":326,"first_name":"Wilma","last_name":"Grew","email":"wgrew91@example.com"},
{"id":327,"first_name":"Darrin","last_name":"Linbohm","email":"dlinbohm92@rambler.ru"},
{"id":328,"first_name":"Nealy","last_name":"Shilton","email":"nshilton93@uiuc.edu"},
{"id":329,"first_name":"Alexandros","last_name":"Gemeau","email":"agemeau94@nps.gov"},
{"id":330,"first_name":"Marigold","last_name":"Foxcroft","email":"mfoxcroft95@nasa.gov"},
{"id":331,"first_name":"Oneida","last_name":"Mosedale","email":"omosedale96@salon.com"},
{"id":332,"first_name":"Shelby","last_name":"Duferie","email":"sduferie97@nasa.gov"},
{"id":333,"first_name":"Lammond","last_name":"Dursley","email":"ldursley98@china.com.cn"},
{"id":334,"first_name":"Leena","last_name":"Absolem","email":"labsolem99@tuttocitta.it"},
{"id":335,"first_name":"Essie","last_name":"Stalf","email":"estalf9a@sohu.com"},
{"id":336,"first_name":"Felic","last_name":"Harm","email":"fharm9b@vinaora.com"},
{"id":337,"first_name":"Fiona","last_name":"Coull","email":"fcoull9c@flavors.me"},
{"id":338,"first_name":"Rogers","last_name":"Ricks","email":"rricks9d@theglobeandmail.com"},
{"id":339,"first_name":"Madalyn","last_name":"Cargill","email":"mcargill9e@prlog.org"},
{"id":340,"first_name":"Carie","last_name":"Pyser","email":"cpyser9f@ask.com"},
{"id":341,"first_name":"Caldwell","last_name":"Muat","email":"cmuat9g@npr.org"},
{"id":342,"first_name":"Zena","last_name":"Ianno","email":"zianno9h@gravatar.com"},
{"id":343,"first_name":"Earle","last_name":"Barwood","email":"ebarwood9i@soundcloud.com"},
{"id":344,"first_name":"Jard","last_name":"Franc","email":"jfranc9j@shareasale.com"},
{"id":345,"first_name":"Berkie","last_name":"Feares","email":"bfeares9k@nifty.com"},
{"id":346,"first_name":"Hy","last_name":"Normandale","email":"hnormandale9l@seesaa.net"},
{"id":347,"first_name":"Adda","last_name":"Whalebelly","email":"awhalebelly9m@ehow.com"},
{"id":348,"first_name":"Kania","last_name":"Kruszelnicki","email":"kkruszelnicki9n@themeforest.net"},
{"id":349,"first_name":"Mattie","last_name":"Eccott","email":"meccott9o@wordpress.org"},
{"id":350,"first_name":"Astra","last_name":"Josofovitz","email":"ajosofovitz9p@dailymail.co.uk"},
{"id":351,"first_name":"Sydney","last_name":"Bussel","email":"sbussel9q@ihg.com"},
{"id":352,"first_name":"Tallie","last_name":"Kernaghan","email":"tkernaghan9r@yellowbook.com"},
{"id":353,"first_name":"Carrol","last_name":"Skalls","email":"cskalls9s@si.edu"},
{"id":354,"first_name":"Faye","last_name":"Dumbarton","email":"fdumbarton9t@cpanel.net"},
{"id":355,"first_name":"Kally","last_name":"Schoenleiter","email":"kschoenleiter9u@senate.gov"},
{"id":356,"first_name":"Imogen","last_name":"Boothroyd","email":"iboothroyd9v@toplist.cz"},
{"id":357,"first_name":"Kilian","last_name":"Shawell","email":"kshawell9w@ameblo.jp"},
{"id":358,"first_name":"Alasteir","last_name":"Consadine","email":"aconsadine9x@umn.edu"},
{"id":359,"first_name":"Natalee","last_name":"Balm","email":"nbalm9y@ebay.com"},
{"id":360,"first_name":"Arly","last_name":"Duffell","email":"aduffell9z@desdev.cn"},
{"id":361,"first_name":"Annnora","last_name":"Capron","email":"acaprona0@timesonline.co.uk"},
{"id":362,"first_name":"Gage","last_name":"Charopen","email":"gcharopena1@linkedin.com"},
{"id":363,"first_name":"Trula","last_name":"Arniz","email":"tarniza2@ibm.com"},
{"id":364,"first_name":"Dina","last_name":"Stockhill","email":"dstockhilla3@mail.ru"},
{"id":365,"first_name":"Krystle","last_name":"O'Drought","email":"kodroughta4@sun.com"},
{"id":366,"first_name":"Callie","last_name":"Baert","email":"cbaerta5@timesonline.co.uk"},
{"id":367,"first_name":"Kendal","last_name":"Eisig","email":"keisiga6@odnoklassniki.ru"},
{"id":368,"first_name":"Tull","last_name":"Jellings","email":"tjellingsa7@huffingtonpost.com"},
{"id":369,"first_name":"Bethina","last_name":"Lavrinov","email":"blavrinova8@friendfeed.com"},
{"id":370,"first_name":"Hersh","last_name":"Mogenot","email":"hmogenota9@msu.edu"},
{"id":371,"first_name":"Doreen","last_name":"Ricardot","email":"dricardotaa@yahoo.com"},
{"id":372,"first_name":"Crichton","last_name":"Randerson","email":"crandersonab@google.ca"},
{"id":373,"first_name":"Aubrey","last_name":"Rawstorn","email":"arawstornac@techcrunch.com"},
{"id":374,"first_name":"Rhett","last_name":"Blannin","email":"rblanninad@wunderground.com"},
{"id":375,"first_name":"Phedra","last_name":"Greenhow","email":"pgreenhowae@flickr.com"},
{"id":376,"first_name":"Whitney","last_name":"Gavriel","email":"wgavrielaf@irs.gov"},
{"id":377,"first_name":"Derek","last_name":"Pfeuffer","email":"dpfeufferag@soundcloud.com"},
{"id":378,"first_name":"Bernette","last_name":"Tredger","email":"btredgerah@networksolutions.com"},
{"id":379,"first_name":"Irving","last_name":"Moodie","email":"imoodieai@google.es"},
{"id":380,"first_name":"Maddie","last_name":"Stubbley","email":"mstubbleyaj@opensource.org"},
{"id":381,"first_name":"Rodd","last_name":"Blezard","email":"rblezardak@nhs.uk"},
{"id":382,"first_name":"Aristotle","last_name":"Audenis","email":"aaudenisal@flickr.com"},
{"id":383,"first_name":"Marina","last_name":"Curtayne","email":"mcurtayneam@dmoz.org"},
{"id":384,"first_name":"Chickie","last_name":"Lackemann","email":"clackemannan@booking.com"},
{"id":385,"first_name":"Matthiew","last_name":"Steele","email":"msteeleao@tripadvisor.com"},
{"id":386,"first_name":"Mel","last_name":"Peverell","email":"mpeverellap@squidoo.com"},
{"id":387,"first_name":"Aeriell","last_name":"Le Monnier","email":"alemonnieraq@twitpic.com"},
{"id":388,"first_name":"Abagail","last_name":"Antognetti","email":"aantognettiar@reference.com"},
{"id":389,"first_name":"Haily","last_name":"Brookwood","email":"hbrookwoodas@hp.com"},
{"id":390,"first_name":"Gusti","last_name":"Menear","email":"gmenearat@qq.com"},
{"id":391,"first_name":"Tobin","last_name":"Gabby","email":"tgabbyau@is.gd"},
{"id":392,"first_name":"Levon","last_name":"Bowdrey","email":"lbowdreyav@rakuten.co.jp"},
{"id":393,"first_name":"Sanderson","last_name":"Gaul","email":"sgaulaw@flickr.com"},
{"id":394,"first_name":"Ebonee","last_name":"Deem","email":"edeemax@diigo.com"},
{"id":395,"first_name":"Tracie","last_name":"Shimmans","email":"tshimmansay@plala.or.jp"},
{"id":396,"first_name":"Binnie","last_name":"Reeve","email":"breeveaz@nydailynews.com"},
{"id":397,"first_name":"Danita","last_name":"Trank","email":"dtrankb0@symantec.com"},
{"id":398,"first_name":"Devi","last_name":"Ajsik","email":"dajsikb1@businessinsider.com"},
{"id":399,"first_name":"Pieter","last_name":"Pakeman","email":"ppakemanb2@webs.com"},
{"id":400,"first_name":"Heda","last_name":"Rew","email":"hrewb3@upenn.edu"},
{"id":401,"first_name":"Barbette","last_name":"Newis","email":"bnewisb4@cargocollective.com"},
{"id":402,"first_name":"Batholomew","last_name":"Gange","email":"bgangeb5@hexun.com"},
{"id":403,"first_name":"Keenan","last_name":"Yegoshin","email":"kyegoshinb6@shareasale.com"},
{"id":404,"first_name":"Lorri","last_name":"Sherwen","email":"lsherwenb7@mozilla.com"},
{"id":405,"first_name":"Sammy","last_name":"Atkirk","email":"satkirkb8@ocn.ne.jp"},
{"id":406,"first_name":"Roxanna","last_name":"Bage","email":"rbageb9@theglobeandmail.com"},
{"id":407,"first_name":"Evanne","last_name":"Jillins","email":"ejillinsba@cdbaby.com"},
{"id":408,"first_name":"Becki","last_name":"Hammel","email":"bhammelbb@wiley.com"},
{"id":409,"first_name":"Mickie","last_name":"Khomich","email":"mkhomichbc@cbslocal.com"},
{"id":410,"first_name":"Trace","last_name":"Silverwood","email":"tsilverwoodbd@umich.edu"},
{"id":411,"first_name":"Shellysheldon","last_name":"Praten","email":"spratenbe@timesonline.co.uk"},
{"id":412,"first_name":"Peadar","last_name":"Backshaw","email":"pbackshawbf@bing.com"},
{"id":413,"first_name":"Glynn","last_name":"Beric","email":"gbericbg@biglobe.ne.jp"},
{"id":414,"first_name":"Matti","last_name":"Tinston","email":"mtinstonbh@elegantthemes.com"},
{"id":415,"first_name":"Giffer","last_name":"Cannon","email":"gcannonbi@last.fm"},
{"id":416,"first_name":"Berry","last_name":"Lemoir","email":"blemoirbj@unicef.org"},
{"id":417,"first_name":"Shurlocke","last_name":"Clilverd","email":"sclilverdbk@google.ru"},
{"id":418,"first_name":"Susana","last_name":"Espinazo","email":"sespinazobl@creativecommons.org"},
{"id":419,"first_name":"Cynthea","last_name":"Paulisch","email":"cpaulischbm@pagesperso-orange.fr"},
{"id":420,"first_name":"Tomkin","last_name":"Mease","email":"tmeasebn@plala.or.jp"},
{"id":421,"first_name":"Josee","last_name":"Masding","email":"jmasdingbo@mysql.com"},
{"id":422,"first_name":"Mommy","last_name":"Jakov","email":"mjakovbp@wordpress.org"},
{"id":423,"first_name":"Gnni","last_name":"Rabbitts","email":"grabbittsbq@quantcast.com"},
{"id":424,"first_name":"Viola","last_name":"Benjamin","email":"vbenjaminbr@moonfruit.com"},
{"id":425,"first_name":"Farand","last_name":"McMoyer","email":"fmcmoyerbs@techcrunch.com"},
{"id":426,"first_name":"Rainer","last_name":"Orsman","email":"rorsmanbt@oakley.com"},
{"id":427,"first_name":"Dory","last_name":"Lacaze","email":"dlacazebu@tripadvisor.com"},
{"id":428,"first_name":"Fern","last_name":"Malyj","email":"fmalyjbv@java.com"},
{"id":429,"first_name":"Sansone","last_name":"Waterfield","email":"swaterfieldbw@fda.gov"},
{"id":430,"first_name":"Pembroke","last_name":"Kann","email":"pkannbx@is.gd"},
{"id":431,"first_name":"Malena","last_name":"Bembrigg","email":"mbembriggby@fotki.com"},
{"id":432,"first_name":"Reggie","last_name":"Petyankin","email":"rpetyankinbz@storify.com"},
{"id":433,"first_name":"Kari","last_name":"Raynes","email":"kraynesc0@naver.com"},
{"id":434,"first_name":"Marwin","last_name":"Simion","email":"msimionc1@cafepress.com"},
{"id":435,"first_name":"Kaitlin","last_name":"Southeran","email":"ksoutheranc2@seattletimes.com"},
{"id":436,"first_name":"Marion","last_name":"Garnam","email":"mgarnamc3@ox.ac.uk"},
{"id":437,"first_name":"Baxy","last_name":"Schule","email":"bschulec4@webs.com"},
{"id":438,"first_name":"Mary","last_name":"Crowth","email":"mcrowthc5@wired.com"},
{"id":439,"first_name":"Shepard","last_name":"Bettridge","email":"sbettridgec6@ucoz.com"},
{"id":440,"first_name":"Cara","last_name":"Magne","email":"cmagnec7@cpanel.net"},
{"id":441,"first_name":"Ludovico","last_name":"Reeday","email":"lreedayc8@jalbum.net"},
{"id":442,"first_name":"Ajay","last_name":"Esome","email":"aesomec9@amazon.co.jp"},
{"id":443,"first_name":"Shalna","last_name":"Nunnery","email":"snunneryca@opera.com"},
{"id":444,"first_name":"Dolorita","last_name":"Jakubovics","email":"djakubovicscb@google.co.uk"},
{"id":445,"first_name":"Conway","last_name":"Bryson","email":"cbrysoncc@twitpic.com"},
{"id":446,"first_name":"Eimile","last_name":"Delgaty","email":"edelgatycd@purevolume.com"},
{"id":447,"first_name":"Laurence","last_name":"Tootal","email":"ltootalce@list-manage.com"},
{"id":448,"first_name":"Albrecht","last_name":"Skegg","email":"askeggcf@last.fm"},
{"id":449,"first_name":"Averil","last_name":"Ezzy","email":"aezzycg@spotify.com"},
{"id":450,"first_name":"Lynne","last_name":"Kliemann","email":"lkliemannch@latimes.com"},
{"id":451,"first_name":"Conant","last_name":"Ellwood","email":"cellwoodci@ca.gov"},
{"id":452,"first_name":"Debor","last_name":"Willavize","email":"dwillavizecj@wiley.com"},
{"id":453,"first_name":"Shela","last_name":"Custance","email":"scustanceck@nbcnews.com"},
{"id":454,"first_name":"Yanaton","last_name":"Macewan","email":"ymacewancl@mayoclinic.com"},
{"id":455,"first_name":"Edmund","last_name":"Binding","email":"ebindingcm@alibaba.com"},
{"id":456,"first_name":"Kendricks","last_name":"Simonard","email":"ksimonardcn@cargocollective.com"},
{"id":457,"first_name":"Ryann","last_name":"Redborn","email":"rredbornco@cdc.gov"},
{"id":458,"first_name":"Christean","last_name":"O'Hare","email":"coharecp@cloudflare.com"},
{"id":459,"first_name":"Nealy","last_name":"Filipson","email":"nfilipsoncq@virginia.edu"},
{"id":460,"first_name":"Merna","last_name":"Gittose","email":"mgittosecr@topsy.com"},
{"id":461,"first_name":"Cody","last_name":"Hiscoe","email":"chiscoecs@dot.gov"},
{"id":462,"first_name":"Sarena","last_name":"Passmore","email":"spassmorect@globo.com"},
{"id":463,"first_name":"Benny","last_name":"Plaxton","email":"bplaxtoncu@independent.co.uk"},
{"id":464,"first_name":"Ardisj","last_name":"Terrell","email":"aterrellcv@oracle.com"},
{"id":465,"first_name":"Radcliffe","last_name":"Kwietek","email":"rkwietekcw@sciencedaily.com"},
{"id":466,"first_name":"Kennan","last_name":"Silver","email":"ksilvercx@alibaba.com"},
{"id":467,"first_name":"Mimi","last_name":"Leggate","email":"mleggatecy@goo.gl"},
{"id":468,"first_name":"Rowney","last_name":"Eccleshall","email":"reccleshallcz@google.ru"},
{"id":469,"first_name":"Pavel","last_name":"Baldick","email":"pbaldickd0@g.co"},
{"id":470,"first_name":"Willamina","last_name":"Matteoni","email":"wmatteonid1@nps.gov"},
{"id":471,"first_name":"Faydra","last_name":"Entres","email":"fentresd2@typepad.com"},
{"id":472,"first_name":"Codie","last_name":"Gerhts","email":"cgerhtsd3@newsvine.com"},
{"id":473,"first_name":"Cody","last_name":"Surgener","email":"csurgenerd4@ox.ac.uk"},
{"id":474,"first_name":"Hardy","last_name":"Sellack","email":"hsellackd5@amazon.com"},
{"id":475,"first_name":"Lidia","last_name":"Glanz","email":"lglanzd6@oakley.com"},
{"id":476,"first_name":"Leela","last_name":"Galvin","email":"lgalvind7@istockphoto.com"},
{"id":477,"first_name":"Heddie","last_name":"Tatchell","email":"htatchelld8@eventbrite.com"},
{"id":478,"first_name":"Klement","last_name":"Gooderidge","email":"kgooderidged9@hhs.gov"},
{"id":479,"first_name":"Maureen","last_name":"Witter","email":"mwitterda@ifeng.com"},
{"id":480,"first_name":"Sheffy","last_name":"Petz","email":"spetzdb@upenn.edu"},
{"id":481,"first_name":"Antone","last_name":"Leabeater","email":"aleabeaterdc@webnode.com"},
{"id":482,"first_name":"Lorettalorna","last_name":"Fullun","email":"lfullundd@accuweather.com"},
{"id":483,"first_name":"Chrisse","last_name":"Martonfi","email":"cmartonfide@issuu.com"},
{"id":484,"first_name":"Chandra","last_name":"Samuels","email":"csamuelsdf@feedburner.com"},
{"id":485,"first_name":"Cameron","last_name":"Charlton","email":"ccharltondg@bigcartel.com"},
{"id":486,"first_name":"Courtney","last_name":"Dunphy","email":"cdunphydh@squidoo.com"},
{"id":487,"first_name":"Ruthann","last_name":"Twigge","email":"rtwiggedi@ycombinator.com"},
{"id":488,"first_name":"Alane","last_name":"Bare","email":"abaredj@nytimes.com"},
{"id":489,"first_name":"Berry","last_name":"Ring","email":"bringdk@goodreads.com"},
{"id":490,"first_name":"Doreen","last_name":"Sterry","email":"dsterrydl@miitbeian.gov.cn"},
{"id":491,"first_name":"Allan","last_name":"Jocic","email":"ajocicdm@cpanel.net"},
{"id":492,"first_name":"Crystie","last_name":"Labusquiere","email":"clabusquieredn@devhub.com"},
{"id":493,"first_name":"Val","last_name":"Fyfield","email":"vfyfielddo@ca.gov"},
{"id":494,"first_name":"Rosamund","last_name":"Dunphie","email":"rdunphiedp@paginegialle.it"},
{"id":495,"first_name":"Debby","last_name":"Roeby","email":"droebydq@networksolutions.com"},
{"id":496,"first_name":"Bernardine","last_name":"O'Cahsedy","email":"bocahsedydr@oakley.com"},
{"id":497,"first_name":"Alayne","last_name":"Broske","email":"abroskeds@intel.com"},
{"id":498,"first_name":"Valina","last_name":"Zanetti","email":"vzanettidt@guardian.co.uk"},
{"id":499,"first_name":"Elisabeth","last_name":"McPhail","email":"emcphaildu@fotki.com"},
{"id":500,"first_name":"Thor","last_name":"Labat","email":"tlabatdv@archive.org"},
{"id":501,"first_name":"Edik","last_name":"Carbin","email":"ecarbindw@wunderground.com"},
{"id":502,"first_name":"Tulley","last_name":"Clapston","email":"tclapstondx@cargocollective.com"},
{"id":503,"first_name":"Xymenes","last_name":"Billingsly","email":"xbillingslydy@privacy.gov.au"},
{"id":504,"first_name":"Hortense","last_name":"Laurens","email":"hlaurensdz@sitemeter.com"},
{"id":505,"first_name":"Bobbette","last_name":"Ells","email":"bellse0@bloomberg.com"},
{"id":506,"first_name":"Bill","last_name":"Fiander","email":"bfiandere1@wordpress.com"},
{"id":507,"first_name":"Norbert","last_name":"Caslake","email":"ncaslakee2@4shared.com"},
{"id":508,"first_name":"Kimberli","last_name":"Fenck","email":"kfencke3@nih.gov"},
{"id":509,"first_name":"Fayth","last_name":"Pamphilon","email":"fpamphilone4@github.io"},
{"id":510,"first_name":"Hattie","last_name":"Wyeld","email":"hwyelde5@pbs.org"},
{"id":511,"first_name":"Buddy","last_name":"Issacov","email":"bissacove6@sbwire.com"},
{"id":512,"first_name":"Bailey","last_name":"Greenhalgh","email":"bgreenhalghe7@scientificamerican.com"},
{"id":513,"first_name":"Natasha","last_name":"Rushsorth","email":"nrushsorthe8@nasa.gov"},
{"id":514,"first_name":"Teirtza","last_name":"Matysiak","email":"tmatysiake9@so-net.ne.jp"},
{"id":515,"first_name":"Danny","last_name":"Traill","email":"dtraillea@goo.ne.jp"},
{"id":516,"first_name":"Keely","last_name":"Van Baaren","email":"kvanbaareneb@youtu.be"},
{"id":517,"first_name":"Luz","last_name":"Dreinan","email":"ldreinanec@cpanel.net"},
{"id":518,"first_name":"Katie","last_name":"Durnill","email":"kdurnilled@cornell.edu"},
{"id":519,"first_name":"Cooper","last_name":"Mundow","email":"cmundowee@eepurl.com"},
{"id":520,"first_name":"Frederik","last_name":"Stenhouse","email":"fstenhouseef@telegraph.co.uk"},
{"id":521,"first_name":"Melisse","last_name":"Luckie","email":"mluckieeg@noaa.gov"},
{"id":522,"first_name":"Aluino","last_name":"Lapidus","email":"alapiduseh@skyrock.com"},
{"id":523,"first_name":"Sterne","last_name":"Jaksic","email":"sjaksicei@msu.edu"},
{"id":524,"first_name":"Flem","last_name":"Chislett","email":"fchislettej@goo.gl"},
{"id":525,"first_name":"Adele","last_name":"Haffenden","email":"ahaffendenek@slashdot.org"},
{"id":526,"first_name":"Carroll","last_name":"Cussins","email":"ccussinsel@over-blog.com"},
{"id":527,"first_name":"Angie","last_name":"Stiling","email":"astilingem@netvibes.com"},
{"id":528,"first_name":"Kimble","last_name":"Kubu","email":"kkubuen@timesonline.co.uk"},
{"id":529,"first_name":"Jerome","last_name":"Haimes","email":"jhaimeseo@delicious.com"},
{"id":530,"first_name":"Obie","last_name":"De Francisci","email":"odefrancisciep@mozilla.org"},
{"id":531,"first_name":"Catha","last_name":"Hapke","email":"chapkeeq@issuu.com"},
{"id":532,"first_name":"Shirlee","last_name":"Eatock","email":"seatocker@netvibes.com"},
{"id":533,"first_name":"Aubrie","last_name":"Adrienne","email":"aadriennees@home.pl"},
{"id":534,"first_name":"Stewart","last_name":"Farny","email":"sfarnyet@cyberchimps.com"},
{"id":535,"first_name":"Ellwood","last_name":"Milne","email":"emilneeu@ning.com"},
{"id":536,"first_name":"Eda","last_name":"Whittenbury","email":"ewhittenburyev@bigcartel.com"},
{"id":537,"first_name":"Virginie","last_name":"Burry","email":"vburryew@deliciousdays.com"},
{"id":538,"first_name":"George","last_name":"Ridewood","email":"gridewoodex@washington.edu"},
{"id":539,"first_name":"Iona","last_name":"Screas","email":"iscreasey@stanford.edu"},
{"id":540,"first_name":"Nat","last_name":"Udie","email":"nudieez@simplemachines.org"},
{"id":541,"first_name":"Leeland","last_name":"Lambell","email":"llambellf0@dailymotion.com"},
{"id":542,"first_name":"Katerina","last_name":"Othen","email":"kothenf1@paypal.com"},
{"id":543,"first_name":"Dar","last_name":"Harwin","email":"dharwinf2@skyrock.com"},
{"id":544,"first_name":"Scott","last_name":"Markwell","email":"smarkwellf3@who.int"},
{"id":545,"first_name":"Risa","last_name":"O'Gaven","email":"rogavenf4@pen.io"},
{"id":546,"first_name":"Forester","last_name":"Cluff","email":"fclufff5@delicious.com"},
{"id":547,"first_name":"Wiatt","last_name":"Swinburne","email":"wswinburnef6@yahoo.co.jp"},
{"id":548,"first_name":"Geoffry","last_name":"Maillard","email":"gmaillardf7@blogs.com"},
{"id":549,"first_name":"Alvinia","last_name":"Digges","email":"adiggesf8@woothemes.com"},
{"id":550,"first_name":"Austina","last_name":"Gounin","email":"agouninf9@tuttocitta.it"},
{"id":551,"first_name":"Chester","last_name":"Shaughnessy","email":"cshaughnessyfa@jalbum.net"},
{"id":552,"first_name":"Daisi","last_name":"Hadwen","email":"dhadwenfb@mediafire.com"},
{"id":553,"first_name":"Ruthi","last_name":"Hame","email":"rhamefc@paypal.com"},
{"id":554,"first_name":"Wynn","last_name":"Depke","email":"wdepkefd@sciencedaily.com"},
{"id":555,"first_name":"Sissie","last_name":"Aizlewood","email":"saizlewoodfe@go.com"},
{"id":556,"first_name":"Stella","last_name":"Verlinden","email":"sverlindenff@slashdot.org"},
{"id":557,"first_name":"Ailey","last_name":"Wones","email":"awonesfg@weather.com"},
{"id":558,"first_name":"Marthe","last_name":"Kuzma","email":"mkuzmafh@icio.us"},
{"id":559,"first_name":"Rozanna","last_name":"Yard","email":"ryardfi@howstuffworks.com"},
{"id":560,"first_name":"Fidelia","last_name":"Rodgman","email":"frodgmanfj@dmoz.org"},
{"id":561,"first_name":"Loralyn","last_name":"Toombes","email":"ltoombesfk@nasa.gov"},
{"id":562,"first_name":"Hilarius","last_name":"Cheales","email":"hchealesfl@zdnet.com"},
{"id":563,"first_name":"Neil","last_name":"Goslin","email":"ngoslinfm@gnu.org"},
{"id":564,"first_name":"Jerry","last_name":"Melburg","email":"jmelburgfn@myspace.com"},
{"id":565,"first_name":"Pedro","last_name":"Upston","email":"pupstonfo@cbsnews.com"},
{"id":566,"first_name":"Rosana","last_name":"Huett","email":"rhuettfp@webs.com"},
{"id":567,"first_name":"Janie","last_name":"Lindenman","email":"jlindenmanfq@simplemachines.org"},
{"id":568,"first_name":"Goldia","last_name":"Freeman","email":"gfreemanfr@narod.ru"},
{"id":569,"first_name":"Miof mela","last_name":"Esslement","email":"messlementfs@baidu.com"},
{"id":570,"first_name":"Thurstan","last_name":"Kobelt","email":"tkobeltft@npr.org"},
{"id":571,"first_name":"Cello","last_name":"Marre","email":"cmarrefu@topsy.com"},
{"id":572,"first_name":"Mattie","last_name":"Lehrian","email":"mlehrianfv@last.fm"},
{"id":573,"first_name":"Carlene","last_name":"Hulcoop","email":"chulcoopfw@theglobeandmail.com"},
{"id":574,"first_name":"Paton","last_name":"Hornung","email":"phornungfx@msn.com"},
{"id":575,"first_name":"Lennie","last_name":"Oneile","email":"loneilefy@howstuffworks.com"},
{"id":576,"first_name":"Gleda","last_name":"Malenfant","email":"gmalenfantfz@miibeian.gov.cn"},
{"id":577,"first_name":"Hatti","last_name":"Luby","email":"hlubyg0@mit.edu"},
{"id":578,"first_name":"Issi","last_name":"Gogie","email":"igogieg1@sogou.com"},
{"id":579,"first_name":"Bayard","last_name":"Beckhurst","email":"bbeckhurstg2@howstuffworks.com"},
{"id":580,"first_name":"Roxanna","last_name":"McClenaghan","email":"rmcclenaghang3@psu.edu"},
{"id":581,"first_name":"Kala","last_name":"Prince","email":"kprinceg4@t.co"},
{"id":582,"first_name":"Shane","last_name":"Ibbetson","email":"sibbetsong5@chicagotribune.com"},
{"id":583,"first_name":"Talya","last_name":"Pires","email":"tpiresg6@pbs.org"},
{"id":584,"first_name":"Nollie","last_name":"De Santos","email":"ndesantosg7@cbsnews.com"},
{"id":585,"first_name":"Newton","last_name":"Peetermann","email":"npeetermanng8@webs.com"},
{"id":586,"first_name":"Yasmin","last_name":"Mullis","email":"ymullisg9@loc.gov"},
{"id":587,"first_name":"Olivette","last_name":"Beckitt","email":"obeckittga@domainmarket.com"},
{"id":588,"first_name":"Jonathan","last_name":"Palmar","email":"jpalmargb@com.com"},
{"id":589,"first_name":"Arlyne","last_name":"McNaught","email":"amcnaughtgc@huffingtonpost.com"},
{"id":590,"first_name":"Jo","last_name":"Tewkesberry","email":"jtewkesberrygd@amazon.co.jp"},
{"id":591,"first_name":"Rubia","last_name":"Albone","email":"ralbonege@bluehost.com"},
{"id":592,"first_name":"Roderic","last_name":"Hurnell","email":"rhurnellgf@pen.io"},
{"id":593,"first_name":"Cherrita","last_name":"Pendry","email":"cpendrygg@people.com.cn"},
{"id":594,"first_name":"Mikel","last_name":"Geill","email":"mgeillgh@dyndns.org"},
{"id":595,"first_name":"Vanda","last_name":"Heinig","email":"vheiniggi@wikia.com"},
{"id":596,"first_name":"Hamish","last_name":"McKenny","email":"hmckennygj@nhs.uk"},
{"id":597,"first_name":"Alfy","last_name":"Ephson","email":"aephsongk@who.int"},
{"id":598,"first_name":"Rebeca","last_name":"Pirouet","email":"rpirouetgl@japanpost.jp"},
{"id":599,"first_name":"Dotti","last_name":"Copnar","email":"dcopnargm@nih.gov"},
{"id":600,"first_name":"Andra","last_name":"Calcott","email":"acalcottgn@reference.com"},
{"id":601,"first_name":"Arly","last_name":"Mutter","email":"amuttergo@youku.com"},
{"id":602,"first_name":"Theodoric","last_name":"Ledrun","email":"tledrungp@phpbb.com"},
{"id":603,"first_name":"Dael","last_name":"Hanhardt","email":"dhanhardtgq@google.ru"},
{"id":604,"first_name":"Angel","last_name":"Grent","email":"agrentgr@hud.gov"},
{"id":605,"first_name":"Jackson","last_name":"Merriton","email":"jmerritongs@ftc.gov"},
{"id":606,"first_name":"Patrizius","last_name":"Bilborough","email":"pbilboroughgt@china.com.cn"},
{"id":607,"first_name":"Dedie","last_name":"Strowger","email":"dstrowgergu@godaddy.com"},
{"id":608,"first_name":"Giovanna","last_name":"Ogborn","email":"gogborngv@craigslist.org"},
{"id":609,"first_name":"Edithe","last_name":"Lorenzo","email":"elorenzogw@wp.com"},
{"id":610,"first_name":"Evelina","last_name":"Moiser","email":"emoisergx@cornell.edu"},
{"id":611,"first_name":"Jillane","last_name":"Lorden","email":"jlordengy@cnet.com"},
{"id":612,"first_name":"Yetty","last_name":"O'Regan","email":"yoregangz@cornell.edu"},
{"id":613,"first_name":"Pru","last_name":"Garaway","email":"pgarawayh0@kickstarter.com"},
{"id":614,"first_name":"Mead","last_name":"Hearmon","email":"mhearmonh1@statcounter.com"},
{"id":615,"first_name":"Kacie","last_name":"Soutar","email":"ksoutarh2@moonfruit.com"},
{"id":616,"first_name":"Lurette","last_name":"McLarnon","email":"lmclarnonh3@java.com"},
{"id":617,"first_name":"Mike","last_name":"Sturte","email":"msturteh4@livejournal.com"},
{"id":618,"first_name":"Rochette","last_name":"Skepper","email":"rskepperh5@tamu.edu"},
{"id":619,"first_name":"Gamaliel","last_name":"Huffer","email":"ghufferh6@networksolutions.com"},
{"id":620,"first_name":"Zorine","last_name":"Yosselevitch","email":"zyosselevitchh7@github.io"},
{"id":621,"first_name":"Spence","last_name":"Rodriguez","email":"srodriguezh8@cdbaby.com"},
{"id":622,"first_name":"Gilburt","last_name":"Trodden","email":"gtroddenh9@icio.us"},
{"id":623,"first_name":"Aurie","last_name":"McMackin","email":"amcmackinha@vk.com"},
{"id":624,"first_name":"Tracie","last_name":"Bartolic","email":"tbartolichb@imdb.com"},
{"id":625,"first_name":"Nathanil","last_name":"Cossentine","email":"ncossentinehc@adobe.com"},
{"id":626,"first_name":"Randolf","last_name":"Rayment","email":"rraymenthd@japanpost.jp"},
{"id":627,"first_name":"Enrica","last_name":"Donati","email":"edonatihe@alibaba.com"},
{"id":628,"first_name":"Kassey","last_name":"Caldicot","email":"kcaldicothf@wikimedia.org"},
{"id":629,"first_name":"Claudia","last_name":"Bullerwell","email":"cbullerwellhg@nba.com"},
{"id":630,"first_name":"Marylin","last_name":"Troutbeck","email":"mtroutbeckhh@feedburner.com"},
{"id":631,"first_name":"Sela","last_name":"Leat","email":"sleathi@sciencedaily.com"},
{"id":632,"first_name":"Nadine","last_name":"Arnison","email":"narnisonhj@csmonitor.com"},
{"id":633,"first_name":"Tildi","last_name":"Davidovitz","email":"tdavidovitzhk@chicagotribune.com"},
{"id":634,"first_name":"Aleen","last_name":"Wormleighton","email":"awormleightonhl@time.com"},
{"id":635,"first_name":"Aveline","last_name":"Lorentz","email":"alorentzhm@zdnet.com"},
{"id":636,"first_name":"Tamarra","last_name":"Bossom","email":"tbossomhn@gizmodo.com"},
{"id":637,"first_name":"Juieta","last_name":"Farrey","email":"jfarreyho@friendfeed.com"},
{"id":638,"first_name":"Brendan","last_name":"Leitche","email":"bleitchehp@amazon.co.jp"},
{"id":639,"first_name":"Jessee","last_name":"Grube","email":"jgrubehq@bandcamp.com"},
{"id":640,"first_name":"Giulio","last_name":"Sockell","email":"gsockellhr@economist.com"},
{"id":641,"first_name":"Alia","last_name":"Hintze","email":"ahintzehs@webmd.com"},
{"id":642,"first_name":"Baillie","last_name":"Roycraft","email":"broycraftht@upenn.edu"},
{"id":643,"first_name":"Briant","last_name":"Boggis","email":"bboggishu@netscape.com"},
{"id":644,"first_name":"Wait","last_name":"Hatley","email":"whatleyhv@hatena.ne.jp"},
{"id":645,"first_name":"Corbet","last_name":"Stuer","email":"cstuerhw@discovery.com"},
{"id":646,"first_name":"Christoper","last_name":"Chatres","email":"cchatreshx@symantec.com"},
{"id":647,"first_name":"Billie","last_name":"Youel","email":"byouelhy@google.ru"},
{"id":648,"first_name":"Hally","last_name":"Espinho","email":"hespinhohz@artisteer.com"},
{"id":649,"first_name":"Thain","last_name":"Bolino","email":"tbolinoi0@unesco.org"},
{"id":650,"first_name":"Ryun","last_name":"Colnet","email":"rcolneti1@wikipedia.org"},
{"id":651,"first_name":"Lucretia","last_name":"Honeyghan","email":"lhoneyghani2@engadget.com"},
{"id":652,"first_name":"Elvira","last_name":"Heugel","email":"eheugeli3@canalblog.com"},
{"id":653,"first_name":"Banky","last_name":"Duggary","email":"bduggaryi4@upenn.edu"},
{"id":654,"first_name":"Christie","last_name":"Hartopp","email":"chartoppi5@youku.com"},
{"id":655,"first_name":"Maribel","last_name":"Hurring","email":"mhurringi6@geocities.jp"},
{"id":656,"first_name":"Carmencita","last_name":"Fairfoul","email":"cfairfouli7@elpais.com"},
{"id":657,"first_name":"Glen","last_name":"Pentycross","email":"gpentycrossi8@addtoany.com"},
{"id":658,"first_name":"Ingemar","last_name":"Ambrosoli","email":"iambrosolii9@multiply.com"},
{"id":659,"first_name":"Fleurette","last_name":"Preddy","email":"fpreddyia@pinterest.com"},
{"id":660,"first_name":"Koenraad","last_name":"Swancott","email":"kswancottib@gmpg.org"},
{"id":661,"first_name":"Earle","last_name":"Teaze","email":"eteazeic@google.com.au"},
{"id":662,"first_name":"Pryce","last_name":"McWhan","email":"pmcwhanid@mayoclinic.com"},
{"id":663,"first_name":"Zechariah","last_name":"Ingle","email":"zingleie@oakley.com"},
{"id":664,"first_name":"Lise","last_name":"Schnieder","email":"lschniederif@go.com"},
{"id":665,"first_name":"Anastassia","last_name":"Awin","email":"aawinig@wiley.com"},
{"id":666,"first_name":"Elwood","last_name":"Kunkler","email":"ekunklerih@vinaora.com"},
{"id":667,"first_name":"Addie","last_name":"Devers","email":"adeversii@miitbeian.gov.cn"},
{"id":668,"first_name":"Thoma","last_name":"Hawney","email":"thawneyij@nba.com"},
{"id":669,"first_name":"Merna","last_name":"Jack","email":"mjackik@gmpg.org"},
{"id":670,"first_name":"Jamesy","last_name":"Bunt","email":"jbuntil@deliciousdays.com"},
{"id":671,"first_name":"Honey","last_name":"Dollimore","email":"hdollimoreim@woothemes.com"},
{"id":672,"first_name":"Callida","last_name":"Adolthine","email":"cadolthinein@washington.edu"},
{"id":673,"first_name":"Judas","last_name":"Yannikov","email":"jyannikovio@delicious.com"},
{"id":674,"first_name":"Yolane","last_name":"Helks","email":"yhelksip@addthis.com"},
{"id":675,"first_name":"Cori","last_name":"Petchell","email":"cpetchelliq@virginia.edu"},
{"id":676,"first_name":"Jaymie","last_name":"Edds","email":"jeddsir@webeden.co.uk"},
{"id":677,"first_name":"Obadias","last_name":"Gregolotti","email":"ogregolottiis@cam.ac.uk"},
{"id":678,"first_name":"Theodora","last_name":"Grestie","email":"tgrestieit@addtoany.com"},
{"id":679,"first_name":"Roby","last_name":"Doley","email":"rdoleyiu@wunderground.com"},
{"id":680,"first_name":"Shepard","last_name":"Leneham","email":"slenehamiv@google.com"},
{"id":681,"first_name":"Claudie","last_name":"Juris","email":"cjurisiw@furl.net"},
{"id":682,"first_name":"Delores","last_name":"Arger","email":"dargerix@com.com"},
{"id":683,"first_name":"Erda","last_name":"Arnatt","email":"earnattiy@cpanel.net"},
{"id":684,"first_name":"Van","last_name":"Skillman","email":"vskillmaniz@sakura.ne.jp"},
{"id":685,"first_name":"Cornie","last_name":"Boribal","email":"cboribalj0@theguardian.com"},
{"id":686,"first_name":"Gerianna","last_name":"Dewane","email":"gdewanej1@macromedia.com"},
{"id":687,"first_name":"Dell","last_name":"Bankes","email":"dbankesj2@nifty.com"},
{"id":688,"first_name":"Marji","last_name":"Gartsyde","email":"mgartsydej3@ovh.net"},
{"id":689,"first_name":"Tanitansy","last_name":"Barkworth","email":"tbarkworthj4@shop-pro.jp"},
{"id":690,"first_name":"Evangelin","last_name":"Clavering","email":"eclaveringj5@themeforest.net"},
{"id":691,"first_name":"Rhody","last_name":"Saveall","email":"rsaveallj6@hp.com"},
{"id":692,"first_name":"Joy","last_name":"Kaaskooper","email":"jkaaskooperj7@java.com"},
{"id":693,"first_name":"Kathy","last_name":"Stitfall","email":"kstitfallj8@de.vu"},
{"id":694,"first_name":"Lila","last_name":"Pavlenkov","email":"lpavlenkovj9@tamu.edu"},
{"id":695,"first_name":"Georgie","last_name":"Trevan","email":"gtrevanja@psu.edu"},
{"id":696,"first_name":"Kirby","last_name":"Walisiak","email":"kwalisiakjb@ameblo.jp"},
{"id":697,"first_name":"Tim","last_name":"Coon","email":"tcoonjc@imgur.com"},
{"id":698,"first_name":"Tiler","last_name":"Gammon","email":"tgammonjd@theatlantic.com"},
{"id":699,"first_name":"Konstantine","last_name":"Finley","email":"kfinleyje@ucoz.com"},
{"id":700,"first_name":"Devlin","last_name":"Sollett","email":"dsollettjf@about.com"},
{"id":701,"first_name":"Thatch","last_name":"Furze","email":"tfurzejg@nationalgeographic.com"},
{"id":702,"first_name":"Maynard","last_name":"Coggan","email":"mcogganjh@nature.com"},
{"id":703,"first_name":"Calhoun","last_name":"Kirmond","email":"ckirmondji@umn.edu"},
{"id":704,"first_name":"Pietrek","last_name":"Bridgett","email":"pbridgettjj@ucoz.com"},
{"id":705,"first_name":"Cornie","last_name":"Mungin","email":"cmunginjk@surveymonkey.com"},
{"id":706,"first_name":"Noel","last_name":"Tapton","email":"ntaptonjl@uol.com.br"},
{"id":707,"first_name":"Vite","last_name":"Nolli","email":"vnollijm@umich.edu"},
{"id":708,"first_name":"Bunnie","last_name":"Blenkin","email":"bblenkinjn@i2i.jp"},
{"id":709,"first_name":"Kile","last_name":"Chuter","email":"kchuterjo@shinystat.com"},
{"id":710,"first_name":"Reuben","last_name":"Husk","email":"rhuskjp@ebay.com"},
{"id":711,"first_name":"Jenn","last_name":"Wardlow","email":"jwardlowjq@nyu.edu"},
{"id":712,"first_name":"Wat","last_name":"Blunt","email":"wbluntjr@themeforest.net"},
{"id":713,"first_name":"Yance","last_name":"Prater","email":"ypraterjs@spotify.com"},
{"id":714,"first_name":"Gilligan","last_name":"Vakhrushin","email":"gvakhrushinjt@bravesites.com"},
{"id":715,"first_name":"Natassia","last_name":"Wigfall","email":"nwigfallju@fda.gov"},
{"id":716,"first_name":"Jeanine","last_name":"Stobart","email":"jstobartjv@irs.gov"},
{"id":717,"first_name":"Silvie","last_name":"Goligly","email":"sgoliglyjw@opera.com"},
{"id":718,"first_name":"Yorker","last_name":"Bartalini","email":"ybartalinijx@abc.net.au"},
{"id":719,"first_name":"Che","last_name":"Coslett","email":"ccoslettjy@eventbrite.com"},
{"id":720,"first_name":"Katrine","last_name":"Durand","email":"kdurandjz@smugmug.com"},
{"id":721,"first_name":"Tore","last_name":"Tissiman","email":"ttissimank0@ebay.co.uk"},
{"id":722,"first_name":"Fabien","last_name":"Deble","email":"fdeblek1@mapy.cz"},
{"id":723,"first_name":"Bastien","last_name":"Brumbye","email":"bbrumbyek2@china.com.cn"},
{"id":724,"first_name":"Monique","last_name":"Jacobsohn","email":"mjacobsohnk3@rambler.ru"},
{"id":725,"first_name":"Bili","last_name":"Cuddehay","email":"bcuddehayk4@sciencedirect.com"},
{"id":726,"first_name":"Shadow","last_name":"Daggett","email":"sdaggettk5@newsvine.com"},
{"id":727,"first_name":"Nanci","last_name":"Start","email":"nstartk6@storify.com"},
{"id":728,"first_name":"Norbert","last_name":"Roslen","email":"nroslenk7@craigslist.org"},
{"id":729,"first_name":"Damon","last_name":"McGrail","email":"dmcgrailk8@about.me"},
{"id":730,"first_name":"Danya","last_name":"Scimoni","email":"dscimonik9@goo.ne.jp"},
{"id":731,"first_name":"Chet","last_name":"Galego","email":"cgalegoka@examiner.com"},
{"id":732,"first_name":"Cly","last_name":"Gillford","email":"cgillfordkb@tumblr.com"},
{"id":733,"first_name":"Yolande","last_name":"Nicklinson","email":"ynicklinsonkc@smh.com.au"},
{"id":734,"first_name":"Veronika","last_name":"Burdess","email":"vburdesskd@xing.com"},
{"id":735,"first_name":"Carey","last_name":"Eilles","email":"ceilleske@multiply.com"},
{"id":736,"first_name":"Celestia","last_name":"Macconachy","email":"cmacconachykf@theglobeandmail.com"},
{"id":737,"first_name":"Mufi","last_name":"Bussens","email":"mbussenskg@webs.com"},
{"id":738,"first_name":"Karalee","last_name":"Rebert","email":"krebertkh@opensource.org"},
{"id":739,"first_name":"Julissa","last_name":"Trinkwon","email":"jtrinkwonki@google.com.br"},
{"id":740,"first_name":"Mead","last_name":"Cleghorn","email":"mcleghornkj@jiathis.com"},
{"id":741,"first_name":"Jeni","last_name":"Speedy","email":"jspeedykk@hexun.com"},
{"id":742,"first_name":"Candi","last_name":"Deeble","email":"cdeeblekl@desdev.cn"},
{"id":743,"first_name":"Annabella","last_name":"Bonome","email":"abonomekm@google.ca"},
{"id":744,"first_name":"Alvis","last_name":"Bradock","email":"abradockkn@psu.edu"},
{"id":745,"first_name":"Danila","last_name":"Screach","email":"dscreachko@webnode.com"},
{"id":746,"first_name":"Nicholle","last_name":"Arendt","email":"narendtkp@eepurl.com"},
{"id":747,"first_name":"Rhett","last_name":"Hendrick","email":"rhendrickkq@stumbleupon.com"},
{"id":748,"first_name":"Shannen","last_name":"Ruslinge","email":"sruslingekr@usda.gov"},
{"id":749,"first_name":"Polly","last_name":"McDoual","email":"pmcdoualks@newyorker.com"},
{"id":750,"first_name":"Osborne","last_name":"Pariso","email":"oparisokt@paypal.com"},
{"id":751,"first_name":"Margarete","last_name":"Sauvan","email":"msauvanku@narod.ru"},
{"id":752,"first_name":"Melva","last_name":"Twiddle","email":"mtwiddlekv@goo.gl"},
{"id":753,"first_name":"Pattie","last_name":"Bissill","email":"pbissillkw@usa.gov"},
{"id":754,"first_name":"Gilda","last_name":"Gowman","email":"ggowmankx@t-online.de"},
{"id":755,"first_name":"Doralia","last_name":"Bettington","email":"dbettingtonky@soup.io"},
{"id":756,"first_name":"Radcliffe","last_name":"Grigorio","email":"rgrigoriokz@sogou.com"},
{"id":757,"first_name":"Etti","last_name":"Keyhoe","email":"ekeyhoel0@walmart.com"},
{"id":758,"first_name":"Bernardo","last_name":"Gieraths","email":"bgierathsl1@earthlink.net"},
{"id":759,"first_name":"Nannette","last_name":"Dreher","email":"ndreherl2@livejournal.com"},
{"id":760,"first_name":"Wilbert","last_name":"Ragborne","email":"wragbornel3@marketwatch.com"},
{"id":761,"first_name":"Poppy","last_name":"Hardes","email":"phardesl4@blogspot.com"},
{"id":762,"first_name":"Delainey","last_name":"How to preserve","email":"dhowtopreservel5@reddit.com"},
{"id":763,"first_name":"Hayyim","last_name":"Jacombs","email":"hjacombsl6@ning.com"},
{"id":764,"first_name":"Floria","last_name":"Giddons","email":"fgiddonsl7@pinterest.com"},
{"id":765,"first_name":"Ford","last_name":"Winpenny","email":"fwinpennyl8@ask.com"},
{"id":766,"first_name":"Rosy","last_name":"Maletratt","email":"rmaletrattl9@nymag.com"},
{"id":767,"first_name":"Gigi","last_name":"Scrooby","email":"gscroobyla@princeton.edu"},
{"id":768,"first_name":"Spike","last_name":"Everal","email":"severallb@surveymonkey.com"},
{"id":769,"first_name":"Sherwin","last_name":"Yandell","email":"syandelllc@google.fr"},
{"id":770,"first_name":"Elka","last_name":"Boldry","email":"eboldryld@forbes.com"},
{"id":771,"first_name":"Inglebert","last_name":"Weinberg","email":"iweinbergle@upenn.edu"},
{"id":772,"first_name":"Donnamarie","last_name":"Blucher","email":"dblucherlf@livejournal.com"},
{"id":773,"first_name":"Myranda","last_name":"Scholler","email":"mschollerlg@yahoo.co.jp"},
{"id":774,"first_name":"Lynnell","last_name":"Cleugher","email":"lcleugherlh@sina.com.cn"},
{"id":775,"first_name":"Jedediah","last_name":"Kuhnwald","email":"jkuhnwaldli@wikipedia.org"},
{"id":776,"first_name":"Torrie","last_name":"Delia","email":"tdelialj@pcworld.com"},
{"id":777,"first_name":"Theresa","last_name":"Cracknell","email":"tcracknelllk@topsy.com"},
{"id":778,"first_name":"Laureen","last_name":"Quinn","email":"lquinnll@nifty.com"},
{"id":779,"first_name":"Tabbatha","last_name":"Aymer","email":"taymerlm@techcrunch.com"},
{"id":780,"first_name":"Boote","last_name":"Wellman","email":"bwellmanln@constantcontact.com"},
{"id":781,"first_name":"Garfield","last_name":"Blain","email":"gblainlo@mit.edu"},
{"id":782,"first_name":"Missie","last_name":"Attrie","email":"mattrielp@xrea.com"},
{"id":783,"first_name":"Drusi","last_name":"Lindenstrauss","email":"dlindenstrausslq@deliciousdays.com"},
{"id":784,"first_name":"Matt","last_name":"Hopkins","email":"mhopkinslr@ovh.net"},
{"id":785,"first_name":"Myriam","last_name":"Cooper","email":"mcooperls@usda.gov"},
{"id":786,"first_name":"Rowland","last_name":"Warsop","email":"rwarsoplt@discovery.com"},
{"id":787,"first_name":"Jessie","last_name":"L'Episcopio","email":"jlepiscopiolu@sohu.com"},
{"id":788,"first_name":"Simone","last_name":"Faithorn","email":"sfaithornlv@furl.net"},
{"id":789,"first_name":"Jeff","last_name":"Gullen","email":"jgullenlw@latimes.com"},
{"id":790,"first_name":"Gates","last_name":"Goodhew","email":"ggoodhewlx@cafepress.com"},
{"id":791,"first_name":"Almira","last_name":"Iacobacci","email":"aiacobaccily@g.co"},
{"id":792,"first_name":"Amalle","last_name":"Knifton","email":"akniftonlz@fc2.com"},
{"id":793,"first_name":"Nesta","last_name":"Rowlson","email":"nrowlsonm0@networkadvertising.org"},
{"id":794,"first_name":"Shane","last_name":"Antoszczyk","email":"santoszczykm1@networksolutions.com"},
{"id":795,"first_name":"Clovis","last_name":"Carlyon","email":"ccarlyonm2@blogs.com"},
{"id":796,"first_name":"Kylynn","last_name":"Earle","email":"kearlem3@behance.net"},
{"id":797,"first_name":"Tris","last_name":"Beine","email":"tbeinem4@tripod.com"},
{"id":798,"first_name":"Lexi","last_name":"Wolfers","email":"lwolfersm5@blinklist.com"},
{"id":799,"first_name":"Charlot","last_name":"Lyddon","email":"clyddonm6@plala.or.jp"},
{"id":800,"first_name":"Prince","last_name":"Kellick","email":"pkellickm7@booking.com"},
{"id":801,"first_name":"Valaria","last_name":"De La Coste","email":"vdelacostem8@wikia.com"},
{"id":802,"first_name":"Bibbye","last_name":"Martugin","email":"bmartuginm9@gizmodo.com"},
{"id":803,"first_name":"Darren","last_name":"Linford","email":"dlinfordma@google.co.uk"},
{"id":804,"first_name":"Chane","last_name":"Clemerson","email":"cclemersonmb@businessinsider.com"},
{"id":805,"first_name":"Marrissa","last_name":"Avo","email":"mavomc@tiny.cc"},
{"id":806,"first_name":"Yolane","last_name":"Nutman","email":"ynutmanmd@twitpic.com"},
{"id":807,"first_name":"Bengt","last_name":"Salery","email":"bsaleryme@sohu.com"},
{"id":808,"first_name":"Bradley","last_name":"Elfitt","email":"belfittmf@ning.com"},
{"id":809,"first_name":"Elissa","last_name":"Iveans","email":"eiveansmg@skyrock.com"},
{"id":810,"first_name":"Lorinda","last_name":"Mobley","email":"lmobleymh@hud.gov"},
{"id":811,"first_name":"Kristofer","last_name":"Livick","email":"klivickmi@weebly.com"},
{"id":812,"first_name":"Ettie","last_name":"Bedenham","email":"ebedenhammj@flickr.com"},
{"id":813,"first_name":"Cheslie","last_name":"Bousquet","email":"cbousquetmk@hud.gov"},
{"id":814,"first_name":"Andriette","last_name":"Bowkley","email":"abowkleyml@hp.com"},
{"id":815,"first_name":"Rudie","last_name":"Dobbison","email":"rdobbisonmm@discuz.net"},
{"id":816,"first_name":"Margit","last_name":"Carren","email":"mcarrenmn@wikia.com"},
{"id":817,"first_name":"Lynnea","last_name":"Kruschev","email":"lkruschevmo@weibo.com"},
{"id":818,"first_name":"Pail","last_name":"Blucher","email":"pbluchermp@state.tx.us"},
{"id":819,"first_name":"Kellie","last_name":"Meert","email":"kmeertmq@time.com"},
{"id":820,"first_name":"Elissa","last_name":"Swiggs","email":"eswiggsmr@google.com.au"},
{"id":821,"first_name":"Sully","last_name":"Wank","email":"swankms@ebay.com"},
{"id":822,"first_name":"Willis","last_name":"Mollene","email":"wmollenemt@cargocollective.com"},
{"id":823,"first_name":"Domini","last_name":"Stent","email":"dstentmu@theglobeandmail.com"},
{"id":824,"first_name":"Melissa","last_name":"Rappport","email":"mrappportmv@ocn.ne.jp"},
{"id":825,"first_name":"Vita","last_name":"Targe","email":"vtargemw@multiply.com"},
{"id":826,"first_name":"Matias","last_name":"Leathes","email":"mleathesmx@myspace.com"},
{"id":827,"first_name":"Dona","last_name":"Eburne","email":"deburnemy@skype.com"},
{"id":828,"first_name":"Genvieve","last_name":"Treversh","email":"gtrevershmz@parallels.com"},
{"id":829,"first_name":"Rudolph","last_name":"Wetheril","email":"rwetheriln0@fema.gov"},
{"id":830,"first_name":"Gonzalo","last_name":"Exposito","email":"gexpositon1@mysql.com"},
{"id":831,"first_name":"Laird","last_name":"Skarman","email":"lskarmann2@ted.com"},
{"id":832,"first_name":"Berty","last_name":"Dawley","email":"bdawleyn3@cbslocal.com"},
{"id":833,"first_name":"Quintina","last_name":"Woodus","email":"qwoodusn4@cocolog-nifty.com"},
{"id":834,"first_name":"Simonette","last_name":"Langcastle","email":"slangcastlen5@geocities.jp"},
{"id":835,"first_name":"Correy","last_name":"Berends","email":"cberendsn6@hud.gov"},
{"id":836,"first_name":"Killian","last_name":"Cawkill","email":"kcawkilln7@squarespace.com"},
{"id":837,"first_name":"Morrie","last_name":"Bernhardt","email":"mbernhardtn8@buzzfeed.com"},
{"id":838,"first_name":"Janos","last_name":"Nunn","email":"jnunnn9@spotify.com"},
{"id":839,"first_name":"Gayleen","last_name":"Tuttiett","email":"gtuttiettna@sogou.com"},
{"id":840,"first_name":"Merline","last_name":"Walmsley","email":"mwalmsleynb@ibm.com"},
{"id":841,"first_name":"Josephine","last_name":"Battany","email":"jbattanync@un.org"},
{"id":842,"first_name":"Fanya","last_name":"Blesing","email":"fblesingnd@freewebs.com"},
{"id":843,"first_name":"Benedikt","last_name":"Nilles","email":"bnillesne@wix.com"},
{"id":844,"first_name":"Adriano","last_name":"Howsin","email":"ahowsinnf@harvard.edu"},
{"id":845,"first_name":"Alicia","last_name":"Staton","email":"astatonng@rakuten.co.jp"},
{"id":846,"first_name":"Jorrie","last_name":"Gaber","email":"jgabernh@weibo.com"},
{"id":847,"first_name":"Evyn","last_name":"Tofanini","email":"etofaninini@netscape.com"},
{"id":848,"first_name":"Quinton","last_name":"Hounson","email":"qhounsonnj@51.la"},
{"id":849,"first_name":"Francis","last_name":"Digance","email":"fdigancenk@unc.edu"},
{"id":850,"first_name":"Pamelina","last_name":"Gosswell","email":"pgosswellnl@delicious.com"},
{"id":851,"first_name":"Tessie","last_name":"Behagg","email":"tbehaggnm@buzzfeed.com"},
{"id":852,"first_name":"Stuart","last_name":"Bute","email":"sbutenn@unc.edu"},
{"id":853,"first_name":"Emanuel","last_name":"Betteriss","email":"ebetterissno@upenn.edu"},
{"id":854,"first_name":"Quincey","last_name":"Foch","email":"qfochnp@sciencedirect.com"},
{"id":855,"first_name":"Ade","last_name":"Chesshyre","email":"achesshyrenq@buzzfeed.com"},
{"id":856,"first_name":"Ricoriki","last_name":"Worvell","email":"rworvellnr@comsenz.com"},
{"id":857,"first_name":"Trueman","last_name":"Le-Good","email":"tlegoodns@chron.com"},
{"id":858,"first_name":"Elden","last_name":"Belliss","email":"ebellissnt@unicef.org"},
{"id":859,"first_name":"Susette","last_name":"Nester","email":"snesternu@umich.edu"},
{"id":860,"first_name":"Alaster","last_name":"Armstrong","email":"aarmstrongnv@salon.com"},
{"id":861,"first_name":"Thomasina","last_name":"Dabes","email":"tdabesnw@shutterfly.com"},
{"id":862,"first_name":"Skylar","last_name":"Ludlamme","email":"sludlammenx@wikia.com"},
{"id":863,"first_name":"Latrina","last_name":"Twaite","email":"ltwaiteny@themeforest.net"},
{"id":864,"first_name":"Raddie","last_name":"O'Hederscoll","email":"rohederscollnz@rakuten.co.jp"},
{"id":865,"first_name":"Janelle","last_name":"Cathro","email":"jcathroo0@amazon.co.uk"},
{"id":866,"first_name":"Aldous","last_name":"Henden","email":"ahendeno1@networkadvertising.org"},
{"id":867,"first_name":"Junette","last_name":"Merrigan","email":"jmerrigano2@yandex.ru"},
{"id":868,"first_name":"Tessie","last_name":"Kitteman","email":"tkittemano3@marketwatch.com"},
{"id":869,"first_name":"Benn","last_name":"Cardoo","email":"bcardooo4@dmoz.org"},
{"id":870,"first_name":"Jesse","last_name":"Bicheno","email":"jbichenoo5@biglobe.ne.jp"},
{"id":871,"first_name":"Lazar","last_name":"Jonk","email":"ljonko6@joomla.org"},
{"id":872,"first_name":"Maurits","last_name":"Domoni","email":"mdomonio7@purevolume.com"},
{"id":873,"first_name":"Aimee","last_name":"Millgate","email":"amillgateo8@dot.gov"},
{"id":874,"first_name":"Sharlene","last_name":"Artist","email":"sartisto9@biblegateway.com"},
{"id":875,"first_name":"Gibby","last_name":"Immins","email":"gimminsoa@house.gov"},
{"id":876,"first_name":"Garreth","last_name":"Plesing","email":"gplesingob@admin.ch"},
{"id":877,"first_name":"Roana","last_name":"Hinckesman","email":"rhinckesmanoc@feedburner.com"},
{"id":878,"first_name":"Amalita","last_name":"Flanagan","email":"aflanaganod@goo.gl"},
{"id":879,"first_name":"Ilyse","last_name":"Dowsey","email":"idowseyoe@foxnews.com"},
{"id":880,"first_name":"Ric","last_name":"Louys","email":"rlouysof@mediafire.com"},
{"id":881,"first_name":"Edvard","last_name":"Smurfitt","email":"esmurfittog@dagondesign.com"},
{"id":882,"first_name":"Dottie","last_name":"Patterson","email":"dpattersonoh@amazon.co.uk"},
{"id":883,"first_name":"Simone","last_name":"Horning","email":"shorningoi@imgur.com"},
{"id":884,"first_name":"Halley","last_name":"Fair","email":"hfairoj@addthis.com"},
{"id":885,"first_name":"Alley","last_name":"Le Moucheux","email":"alemoucheuxok@fda.gov"},
{"id":886,"first_name":"Ferdie","last_name":"Wickersham","email":"fwickershamol@guardian.co.uk"},
{"id":887,"first_name":"Mirabella","last_name":"Konzel","email":"mkonzelom@quantcast.com"},
{"id":888,"first_name":"Idalia","last_name":"Lohmeyer","email":"ilohmeyeron@desdev.cn"},
{"id":889,"first_name":"Cthrine","last_name":"De Carolis","email":"cdecarolisoo@deliciousdays.com"},
{"id":890,"first_name":"Conrado","last_name":"Dolman","email":"cdolmanop@aboutads.info"},
{"id":891,"first_name":"Wat","last_name":"Shacklady","email":"wshackladyoq@friendfeed.com"},
{"id":892,"first_name":"Clarabelle","last_name":"Frangello","email":"cfrangelloor@acquirethisname.com"},
{"id":893,"first_name":"Morse","last_name":"Search","email":"msearchos@admin.ch"},
{"id":894,"first_name":"Jose","last_name":"Rigney","email":"jrigneyot@indiegogo.com"},
{"id":895,"first_name":"Ronnica","last_name":"Caddan","email":"rcaddanou@icio.us"},
{"id":896,"first_name":"Dacia","last_name":"Shilito","email":"dshilitoov@sciencedirect.com"},
{"id":897,"first_name":"Velma","last_name":"Peoples","email":"vpeoplesow@fda.gov"},
{"id":898,"first_name":"Elora","last_name":"Stringfellow","email":"estringfellowox@irs.gov"},
{"id":899,"first_name":"Martica","last_name":"Clulow","email":"mclulowoy@tiny.cc"},
{"id":900,"first_name":"Kleon","last_name":"Halfhyde","email":"khalfhydeoz@wikia.com"},
{"id":901,"first_name":"Marijn","last_name":"Jurca","email":"mjurcap0@phpbb.com"},
{"id":902,"first_name":"Oneida","last_name":"Winton","email":"owintonp1@cbsnews.com"},
{"id":903,"first_name":"Lanette","last_name":"Kittredge","email":"lkittredgep2@irs.gov"},
{"id":904,"first_name":"Krystal","last_name":"Dax","email":"kdaxp3@zimbio.com"},
{"id":905,"first_name":"Merrick","last_name":"Champerlen","email":"mchamperlenp4@wsj.com"},
{"id":906,"first_name":"Franklyn","last_name":"Jeggo","email":"fjeggop5@desdev.cn"},
{"id":907,"first_name":"Frederique","last_name":"McGurn","email":"fmcgurnp6@dot.gov"},
{"id":908,"first_name":"Anallise","last_name":"Beche","email":"abechep7@devhub.com"},
{"id":909,"first_name":"Ryan","last_name":"Keppie","email":"rkeppiep8@nymag.com"},
{"id":910,"first_name":"Jarred","last_name":"Josefs","email":"jjosefsp9@google.ru"},
{"id":911,"first_name":"Elset","last_name":"Bolitho","email":"ebolithopa@wisc.edu"},
{"id":912,"first_name":"Rheta","last_name":"Crowley","email":"rcrowleypb@ucsd.edu"},
{"id":913,"first_name":"Roxy","last_name":"Russel","email":"rrusselpc@tripod.com"},
{"id":914,"first_name":"Haroun","last_name":"Cattini","email":"hcattinipd@bloglovin.com"},
{"id":915,"first_name":"Caryl","last_name":"Thomas","email":"cthomaspe@google.com.au"},
{"id":916,"first_name":"Boycie","last_name":"Barg","email":"bbargpf@toplist.cz"},
{"id":917,"first_name":"Reggis","last_name":"Pollock","email":"rpollockpg@latimes.com"},
{"id":918,"first_name":"Alli","last_name":"Josifovic","email":"ajosifovicph@tripod.com"},
{"id":919,"first_name":"Christal","last_name":"Jansky","email":"cjanskypi@constantcontact.com"},
{"id":920,"first_name":"Ric","last_name":"Cody","email":"rcodypj@rakuten.co.jp"},
{"id":921,"first_name":"Britte","last_name":"De Roos","email":"bderoospk@discovery.com"},
{"id":922,"first_name":"Tresa","last_name":"Souza","email":"tsouzapl@icq.com"},
{"id":923,"first_name":"Mickey","last_name":"Guidetti","email":"mguidettipm@mashable.com"},
{"id":924,"first_name":"Ara","last_name":"Gleave","email":"agleavepn@about.com"},
{"id":925,"first_name":"Arleyne","last_name":"MacBean","email":"amacbeanpo@cnet.com"},
{"id":926,"first_name":"Brittan","last_name":"Fulford","email":"bfulfordpp@vk.com"},
{"id":927,"first_name":"Karla","last_name":"Krelle","email":"kkrellepq@elpais.com"},
{"id":928,"first_name":"Cleopatra","last_name":"Matschuk","email":"cmatschukpr@wordpress.com"},
{"id":929,"first_name":"Cobby","last_name":"Cowley","email":"ccowleyps@privacy.gov.au"},
{"id":930,"first_name":"Karlie","last_name":"Goforth","email":"kgoforthpt@gnu.org"},
{"id":931,"first_name":"Vaughan","last_name":"Lehrle","email":"vlehrlepu@sbwire.com"},
{"id":932,"first_name":"Shaine","last_name":"Largan","email":"slarganpv@sphinn.com"},
{"id":933,"first_name":"Lucas","last_name":"Arnaudon","email":"larnaudonpw@blogs.com"},
{"id":934,"first_name":"Eryn","last_name":"Annes","email":"eannespx@un.org"},
{"id":935,"first_name":"Bunnie","last_name":"Seelbach","email":"bseelbachpy@fc2.com"},
{"id":936,"first_name":"Yancey","last_name":"Beaushaw","email":"ybeaushawpz@hud.gov"},
{"id":937,"first_name":"Rowen","last_name":"Poluzzi","email":"rpoluzziq0@phoca.cz"},
{"id":938,"first_name":"Benni","last_name":"Pressdee","email":"bpressdeeq1@yale.edu"},
{"id":939,"first_name":"Padgett","last_name":"Mitchelson","email":"pmitchelsonq2@stumbleupon.com"},
{"id":940,"first_name":"Lydia","last_name":"Grutchfield","email":"lgrutchfieldq3@studiopress.com"},
{"id":941,"first_name":"Lorant","last_name":"Janacek","email":"ljanacekq4@phoca.cz"},
{"id":942,"first_name":"Maryellen","last_name":"Lawlie","email":"mlawlieq5@indiatimes.com"},
{"id":943,"first_name":"Morty","last_name":"Haggeth","email":"mhaggethq6@economist.com"},
{"id":944,"first_name":"Cristie","last_name":"Fessions","email":"cfessionsq7@w3.org"},
{"id":945,"first_name":"Kata","last_name":"Wardroper","email":"kwardroperq8@ehow.com"},
{"id":946,"first_name":"Luke","last_name":"Hulson","email":"lhulsonq9@surveymonkey.com"},
{"id":947,"first_name":"Ericka","last_name":"Arthey","email":"eartheyqa@spotify.com"},
{"id":948,"first_name":"Thekla","last_name":"Wetherald","email":"twetheraldqb@yahoo.co.jp"},
{"id":949,"first_name":"Ciel","last_name":"Moppett","email":"cmoppettqc@ucoz.com"},
{"id":950,"first_name":"Thadeus","last_name":"Vaudrey","email":"tvaudreyqd@macromedia.com"},
{"id":951,"first_name":"Gram","last_name":"Sprade","email":"gspradeqe@webs.com"},
{"id":952,"first_name":"Roxine","last_name":"Royson","email":"rroysonqf@163.com"},
{"id":953,"first_name":"Thornton","last_name":"Creddon","email":"tcreddonqg@addthis.com"},
{"id":954,"first_name":"Lefty","last_name":"Lefridge","email":"llefridgeqh@telegraph.co.uk"},
{"id":955,"first_name":"Almira","last_name":"Gilcriest","email":"agilcriestqi@home.pl"},
{"id":956,"first_name":"Saudra","last_name":"Ziemsen","email":"sziemsenqj@yolasite.com"},
{"id":957,"first_name":"Jamima","last_name":"Longmuir","email":"jlongmuirqk@jiathis.com"},
{"id":958,"first_name":"Ashley","last_name":"Yeudall","email":"ayeudallql@uiuc.edu"},
{"id":959,"first_name":"Roman","last_name":"Grouvel","email":"rgrouvelqm@narod.ru"},
{"id":960,"first_name":"Mireielle","last_name":"Gillise","email":"mgilliseqn@dell.com"},
{"id":961,"first_name":"Lezley","last_name":"Neles","email":"lnelesqo@so-net.ne.jp"},
{"id":962,"first_name":"Tally","last_name":"Bulpitt","email":"tbulpittqp@wiley.com"},
{"id":963,"first_name":"Sondra","last_name":"Spirritt","email":"sspirrittqq@washingtonpost.com"},
{"id":964,"first_name":"Rosemarie","last_name":"Carlan","email":"rcarlanqr@myspace.com"},
{"id":965,"first_name":"Jamie","last_name":"Skirling","email":"jskirlingqs@edublogs.org"},
{"id":966,"first_name":"Dwain","last_name":"Bedburrow","email":"dbedburrowqt@uol.com.br"},
{"id":967,"first_name":"Lucita","last_name":"Collyer","email":"lcollyerqu@google.co.uk"},
{"id":968,"first_name":"Meridith","last_name":"Alway","email":"malwayqv@ca.gov"},
{"id":969,"first_name":"Krysta","last_name":"Prowse","email":"kprowseqw@livejournal.com"},
{"id":970,"first_name":"Leah","last_name":"Rockcliff","email":"lrockcliffqx@exblog.jp"},
{"id":971,"first_name":"Emylee","last_name":"Sharphouse","email":"esharphouseqy@de.vu"},
{"id":972,"first_name":"Marcello","last_name":"Wilbraham","email":"mwilbrahamqz@smugmug.com"},
{"id":973,"first_name":"Elsi","last_name":"Heaney`","email":"eheaneyr0@feedburner.com"},
{"id":974,"first_name":"Aubrey","last_name":"Bradock","email":"abradockr1@statcounter.com"},
{"id":975,"first_name":"Marsha","last_name":"Fiddy","email":"mfiddyr2@wordpress.com"},
{"id":976,"first_name":"Alexandr","last_name":"Lealle","email":"alealler3@nyu.edu"},
{"id":977,"first_name":"Joey","last_name":"Andrzejewski","email":"jandrzejewskir4@a8.net"},
{"id":978,"first_name":"Loraine","last_name":"Moff","email":"lmoffr5@npr.org"},
{"id":979,"first_name":"Kristen","last_name":"Pockett","email":"kpockettr6@cafepress.com"},
{"id":980,"first_name":"Babbie","last_name":"Bumford","email":"bbumfordr7@ca.gov"},
{"id":981,"first_name":"Leonerd","last_name":"Partkya","email":"lpartkyar8@eventbrite.com"},
{"id":982,"first_name":"Juliana","last_name":"Grinter","email":"jgrinterr9@huffingtonpost.com"},
{"id":983,"first_name":"Quill","last_name":"Monck","email":"qmonckra@vkontakte.ru"},
{"id":984,"first_name":"Thurstan","last_name":"Shayes","email":"tshayesrb@va.gov"},
{"id":985,"first_name":"Dimitri","last_name":"Arsmith","email":"darsmithrc@noaa.gov"},
{"id":986,"first_name":"Lark","last_name":"Stienton","email":"lstientonrd@github.com"},
{"id":987,"first_name":"Fraze","last_name":"Bottomore","email":"fbottomorere@cyberchimps.com"},
{"id":988,"first_name":"Desiri","last_name":"MacLachlan","email":"dmaclachlanrf@google.ca"},
{"id":989,"first_name":"Douglas","last_name":"Peidro","email":"dpeidrorg@china.com.cn"},
{"id":990,"first_name":"Paulina","last_name":"Sparke","email":"psparkerh@blogs.com"},
{"id":991,"first_name":"Ibrahim","last_name":"Ive","email":"iiveri@howstuffworks.com"},
{"id":992,"first_name":"Anita","last_name":"Taylo","email":"ataylorj@loc.gov"},
{"id":993,"first_name":"Edsel","last_name":"Cotton","email":"ecottonrk@last.fm"},
{"id":994,"first_name":"Lenette","last_name":"Gregorace","email":"lgregoracerl@aol.com"},
{"id":995,"first_name":"Philly","last_name":"Gyppes","email":"pgyppesrm@livejournal.com"},
{"id":996,"first_name":"Loree","last_name":"Jillings","email":"ljillingsrn@w3.org"},
{"id":997,"first_name":"Trenna","last_name":"Getcliff","email":"tgetcliffro@globo.com"},
{"id":998,"first_name":"Dillon","last_name":"Levis","email":"dlevisrp@irs.gov"},
{"id":999,"first_name":"Iorgo","last_name":"Glenny","email":"iglennyrq@ted.com"},
{"id":1000,"first_name":"Inglebert","last_name":"Yurkiewicz","email":"iyurkiewiczrr@abc.net.au"}]