[{"id":1,"sexo":"Female","edad":88,"nombre":"Shela McLarens"},
{"id":2,"sexo":"Female","edad":57,"nombre":"Brandy Crosston"},
{"id":3,"sexo":"Male","edad":82,"nombre":"Marlow Lerner"},
{"id":4,"sexo":"Male","edad":52,"nombre":"Jimmie Iorio"},
{"id":5,"sexo":"Male","edad":100,"nombre":"Theresita Oseman"},
{"id":6,"sexo":"Female","edad":38,"nombre":"Mick Conring"},
{"id":7,"sexo":"Female","edad":95,"nombre":"Malcolm Habershon"},
{"id":8,"sexo":"Male","edad":75,"nombre":"Cass Questier"},
{"id":9,"sexo":"Male","edad":28,"nombre":"Marjy Jimeno"},
{"id":10,"sexo":"Male","edad":61,"nombre":"Elaina Menat"},
{"id":11,"sexo":"Male","edad":20,"nombre":"Antons Dymock"},
{"id":12,"sexo":"Male","edad":69,"nombre":"Hazel Lambricht"},
{"id":13,"sexo":"Male","edad":70,"nombre":"Chip Tozer"},
{"id":14,"sexo":"Female","edad":64,"nombre":"Hendrika Kliemann"},
{"id":15,"sexo":"Male","edad":78,"nombre":"Clea Surpliss"},
{"id":16,"sexo":"Female","edad":82,"nombre":"Kiley todor"},
{"id":17,"sexo":"Male","edad":17,"nombre":"Bear Quarterman"},
{"id":18,"sexo":"Female","edad":17,"nombre":"Evangelin O'Fihillie"},
{"id":19,"sexo":"Female","edad":24,"nombre":"Persis Aberkirdo"},
{"id":20,"sexo":"Female","edad":76,"nombre":"Ardene Gallihawk"},
{"id":21,"sexo":"Female","edad":99,"nombre":"Jobi Wallage"},
{"id":22,"sexo":"Male","edad":87,"nombre":"Brendan Cluett"},
{"id":23,"sexo":"Male","edad":79,"nombre":"Benni Kimbling"},
{"id":24,"sexo":"Male","edad":59,"nombre":"Joye Adolphine"},
{"id":25,"sexo":"Male","edad":76,"nombre":"Kendricks Widmore"},
{"id":26,"sexo":"Male","edad":16,"nombre":"Minda Edelston"},
{"id":27,"sexo":"Male","edad":45,"nombre":"Sanderson Oswald"},
{"id":28,"sexo":"Male","edad":31,"nombre":"Tymothy Millwater"},
{"id":29,"sexo":"Male","edad":21,"nombre":"Rudolfo Cronk"},
{"id":30,"sexo":"Male","edad":93,"nombre":"Laryssa Miguel"},
{"id":31,"sexo":"Male","edad":40,"nombre":"Caril Demangeot"},
{"id":32,"sexo":"Female","edad":68,"nombre":"Piotr Shinn"},
{"id":33,"sexo":"Female","edad":80,"nombre":"Teresa Riddel"},
{"id":34,"sexo":"Male","edad":45,"nombre":"Corliss Waghorn"},
{"id":35,"sexo":"Male","edad":82,"nombre":"Aharon Onslow"},
{"id":36,"sexo":"Male","edad":89,"nombre":"Gan Huncoot"},
{"id":37,"sexo":"Female","edad":61,"nombre":"Moll Slyvester"},
{"id":38,"sexo":"Female","edad":26,"nombre":"Marsiella Westmancoat"},
{"id":39,"sexo":"Male","edad":28,"nombre":"Vanny Trayford"},
{"id":40,"sexo":"Male","edad":92,"nombre":"Martita Bottoms"},
{"id":41,"sexo":"Female","edad":26,"nombre":"Willy St. Paul"},
{"id":42,"sexo":"Male","edad":43,"nombre":"Dario O'Callaghan"},
{"id":43,"sexo":"Female","edad":43,"nombre":"Yevette Scroggie"},
{"id":44,"sexo":"Female","edad":22,"nombre":"Dorrie Stothert"},
{"id":45,"sexo":"Female","edad":71,"nombre":"Libby Purviss"},
{"id":46,"sexo":"Male","edad":93,"nombre":"Reinaldos Cristofaro"},
{"id":47,"sexo":"Female","edad":25,"nombre":"Llywellyn Enrdigo"},
{"id":48,"sexo":"Female","edad":65,"nombre":"Fabien Newberry"},
{"id":49,"sexo":"Male","edad":15,"nombre":"Rabi Butts"},
{"id":50,"sexo":"Male","edad":44,"nombre":"Marybelle Wistance"},
{"id":51,"sexo":"Female","edad":76,"nombre":"Milzie Edelman"},
{"id":52,"sexo":"Female","edad":75,"nombre":"Paul Gunningham"},
{"id":53,"sexo":"Male","edad":34,"nombre":"Orly Coldman"},
{"id":54,"sexo":"Male","edad":15,"nombre":"Dione Crosetti"},
{"id":55,"sexo":"Female","edad":15,"nombre":"Kiersten Conniam"},
{"id":56,"sexo":"Female","edad":35,"nombre":"Kareem Conniam"},
{"id":57,"sexo":"Male","edad":64,"nombre":"Shirlee Bastie"},
{"id":58,"sexo":"Female","edad":23,"nombre":"Ingmar Denford"},
{"id":59,"sexo":"Male","edad":79,"nombre":"Marillin Brignall"},
{"id":60,"sexo":"Female","edad":46,"nombre":"Loralyn Labroue"},
{"id":61,"sexo":"Male","edad":72,"nombre":"Rudolf Sellner"},
{"id":62,"sexo":"Male","edad":36,"nombre":"Niko Staniland"},
{"id":63,"sexo":"Female","edad":64,"nombre":"Blair Townley"},
{"id":64,"sexo":"Female","edad":44,"nombre":"Slade Frier"},
{"id":65,"sexo":"Female","edad":21,"nombre":"Lilla Dowdell"},
{"id":66,"sexo":"Female","edad":92,"nombre":"Esteban O'Loghlen"},
{"id":67,"sexo":"Female","edad":69,"nombre":"Addie Poskitt"},
{"id":68,"sexo":"Female","edad":31,"nombre":"Didi Barnicott"},
{"id":69,"sexo":"Female","edad":51,"nombre":"Xylia Spellar"},
{"id":70,"sexo":"Female","edad":61,"nombre":"Ahmad Fauguel"},
{"id":71,"sexo":"Male","edad":58,"nombre":"Julianna Smitheram"},
{"id":72,"sexo":"Male","edad":38,"nombre":"Celinda Newcome"},
{"id":73,"sexo":"Male","edad":34,"nombre":"Theda Phillps"},
{"id":74,"sexo":"Male","edad":55,"nombre":"Barbara Stammirs"},
{"id":75,"sexo":"Female","edad":81,"nombre":"Parker Petren"},
{"id":76,"sexo":"Male","edad":86,"nombre":"Anetta Shute"},
{"id":77,"sexo":"Male","edad":94,"nombre":"Hally Semonin"},
{"id":78,"sexo":"Female","edad":68,"nombre":"Leia Malletratt"},
{"id":79,"sexo":"Male","edad":15,"nombre":"Lynette Kubatsch"},
{"id":80,"sexo":"Female","edad":78,"nombre":"Tulley Bello"},
{"id":81,"sexo":"Male","edad":86,"nombre":"Dasi Suckling"},
{"id":82,"sexo":"Male","edad":79,"nombre":"Trude Talton"},
{"id":83,"sexo":"Female","edad":26,"nombre":"Emmie Napleton"},
{"id":84,"sexo":"Male","edad":20,"nombre":"Kayla Kitteman"},
{"id":85,"sexo":"Male","edad":83,"nombre":"Samuele Sandeman"},
{"id":86,"sexo":"Female","edad":77,"nombre":"Cherri Maddocks"},
{"id":87,"sexo":"Female","edad":41,"nombre":"Drucy Ber"},
{"id":88,"sexo":"Male","edad":40,"nombre":"Jayne Clitsome"},
{"id":89,"sexo":"Male","edad":76,"nombre":"Hayyim Sprason"},
{"id":90,"sexo":"Female","edad":50,"nombre":"Hugues Mehew"},
{"id":91,"sexo":"Male","edad":59,"nombre":"Donny Gwilliams"},
{"id":92,"sexo":"Female","edad":40,"nombre":"Randene Bromont"},
{"id":93,"sexo":"Male","edad":47,"nombre":"Malena Oxteby"},
{"id":94,"sexo":"Male","edad":68,"nombre":"Odetta Lukash"},
{"id":95,"sexo":"Male","edad":45,"nombre":"Armstrong Speachley"},
{"id":96,"sexo":"Female","edad":42,"nombre":"Rosalie Liddy"},
{"id":97,"sexo":"Male","edad":66,"nombre":"Emmott Caudell"},
{"id":98,"sexo":"Female","edad":96,"nombre":"Gardie Farrall"},
{"id":99,"sexo":"Male","edad":28,"nombre":"Pancho Dudson"},
{"id":100,"sexo":"Female","edad":100,"nombre":"Lane Yekel"},
{"id":101,"sexo":"Female","edad":40,"nombre":"Winifred Fantin"},
{"id":102,"sexo":"Male","edad":100,"nombre":"Terrence Keme"},
{"id":103,"sexo":"Male","edad":43,"nombre":"Brittany Goucher"},
{"id":104,"sexo":"Male","edad":71,"nombre":"Debor Storrs"},
{"id":105,"sexo":"Female","edad":78,"nombre":"Clemmie Eamer"},
{"id":106,"sexo":"Female","edad":99,"nombre":"Chip Drury"},
{"id":107,"sexo":"Female","edad":76,"nombre":"Engracia Coggon"},
{"id":108,"sexo":"Male","edad":80,"nombre":"Tanny Boyett"},
{"id":109,"sexo":"Female","edad":68,"nombre":"Muffin Mosley"},
{"id":110,"sexo":"Female","edad":83,"nombre":"Marie-jeanne Hauger"},
{"id":111,"sexo":"Female","edad":68,"nombre":"Benjamin Skehens"},
{"id":112,"sexo":"Male","edad":84,"nombre":"Valentino Arlidge"},
{"id":113,"sexo":"Female","edad":26,"nombre":"Tod Upston"},
{"id":114,"sexo":"Male","edad":33,"nombre":"Myrna Beames"},
{"id":115,"sexo":"Male","edad":45,"nombre":"Darci Paggitt"},
{"id":116,"sexo":"Male","edad":66,"nombre":"Salomone Trippett"},
{"id":117,"sexo":"Male","edad":75,"nombre":"Harli Gryglewski"},
{"id":118,"sexo":"Female","edad":58,"nombre":"Karole O'Reilly"},
{"id":119,"sexo":"Male","edad":41,"nombre":"Pattie Pash"},
{"id":120,"sexo":"Female","edad":28,"nombre":"Arlin Menpes"},
{"id":121,"sexo":"Male","edad":78,"nombre":"Charleen Maddigan"},
{"id":122,"sexo":"Female","edad":49,"nombre":"Cy Quartermaine"},
{"id":123,"sexo":"Male","edad":42,"nombre":"Jozef Crewes"},
{"id":124,"sexo":"Female","edad":89,"nombre":"Maggie Mc Combe"},
{"id":125,"sexo":"Female","edad":18,"nombre":"Therine Rollingson"},
{"id":126,"sexo":"Male","edad":29,"nombre":"Booth Evelyn"},
{"id":127,"sexo":"Male","edad":85,"nombre":"Juliana Bartlomiejczyk"},
{"id":128,"sexo":"Female","edad":92,"nombre":"Thedric Jan"},
{"id":129,"sexo":"Female","edad":96,"nombre":"Minnnie Jerrand"},
{"id":130,"sexo":"Male","edad":31,"nombre":"Fayina Melland"},
{"id":131,"sexo":"Female","edad":38,"nombre":"Norene Tomasicchio"},
{"id":132,"sexo":"Male","edad":82,"nombre":"Teriann Noquet"},
{"id":133,"sexo":"Female","edad":95,"nombre":"Flinn Bambery"},
{"id":134,"sexo":"Female","edad":21,"nombre":"Moria Duquesnay"},
{"id":135,"sexo":"Male","edad":79,"nombre":"Denyse Bayley"},
{"id":136,"sexo":"Male","edad":97,"nombre":"Cleavland Yellep"},
{"id":137,"sexo":"Male","edad":47,"nombre":"Tyne Roskrug"},
{"id":138,"sexo":"Male","edad":35,"nombre":"Johnnie McGovern"},
{"id":139,"sexo":"Male","edad":54,"nombre":"Hilton Kolodziej"},
{"id":140,"sexo":"Male","edad":87,"nombre":"Luis Roach"},
{"id":141,"sexo":"Male","edad":38,"nombre":"Olwen Toplis"},
{"id":142,"sexo":"Female","edad":100,"nombre":"Kelcy Lutwyche"},
{"id":143,"sexo":"Female","edad":37,"nombre":"Josephina Perritt"},
{"id":144,"sexo":"Female","edad":22,"nombre":"Tucker Tindle"},
{"id":145,"sexo":"Female","edad":35,"nombre":"Barbara-anne Macari"},
{"id":146,"sexo":"Female","edad":62,"nombre":"Miran Omrod"},
{"id":147,"sexo":"Male","edad":92,"nombre":"Kristel Ridett"},
{"id":148,"sexo":"Male","edad":98,"nombre":"Jason Blanc"},
{"id":149,"sexo":"Male","edad":51,"nombre":"Evania Yurchenko"},
{"id":150,"sexo":"Female","edad":46,"nombre":"Bond Archer"},
{"id":151,"sexo":"Male","edad":59,"nombre":"Tobin Iacovozzo"},
{"id":152,"sexo":"Female","edad":94,"nombre":"Vida Jest"},
{"id":153,"sexo":"Female","edad":96,"nombre":"Gale Saffon"},
{"id":154,"sexo":"Female","edad":89,"nombre":"Pepi Orteu"},
{"id":155,"sexo":"Male","edad":26,"nombre":"Murdock Cesconi"},
{"id":156,"sexo":"Female","edad":50,"nombre":"Ingeberg Sproul"},
{"id":157,"sexo":"Female","edad":100,"nombre":"Esmaria Widdecombe"},
{"id":158,"sexo":"Female","edad":45,"nombre":"Carie Fassman"},
{"id":159,"sexo":"Male","edad":32,"nombre":"Jamie Meany"},
{"id":160,"sexo":"Male","edad":97,"nombre":"Anatollo McLarty"},
{"id":161,"sexo":"Female","edad":28,"nombre":"Sol Borgne"},
{"id":162,"sexo":"Male","edad":50,"nombre":"Ali Wildash"},
{"id":163,"sexo":"Male","edad":35,"nombre":"Gennifer Tweedlie"},
{"id":164,"sexo":"Female","edad":44,"nombre":"Duncan Tomczykiewicz"},
{"id":165,"sexo":"Female","edad":80,"nombre":"Giavani Hackin"},
{"id":166,"sexo":"Male","edad":62,"nombre":"Rheba Watt"},
{"id":167,"sexo":"Female","edad":21,"nombre":"Marylinda Hepher"},
{"id":168,"sexo":"Male","edad":86,"nombre":"Jodie Pentecost"},
{"id":169,"sexo":"Female","edad":38,"nombre":"Kit Juniper"},
{"id":170,"sexo":"Female","edad":61,"nombre":"Deane Bloor"},
{"id":171,"sexo":"Male","edad":94,"nombre":"Fiann Swinglehurst"},
{"id":172,"sexo":"Male","edad":80,"nombre":"Inger Heinlein"},
{"id":173,"sexo":"Male","edad":71,"nombre":"Zachery Giblin"},
{"id":174,"sexo":"Male","edad":99,"nombre":"Rocky Bertolaccini"},
{"id":175,"sexo":"Female","edad":48,"nombre":"Belva Hartles"},
{"id":176,"sexo":"Female","edad":54,"nombre":"Mikol Balser"},
{"id":177,"sexo":"Female","edad":69,"nombre":"Kara Giabuzzi"},
{"id":178,"sexo":"Male","edad":43,"nombre":"Clementia Goolden"},
{"id":179,"sexo":"Female","edad":69,"nombre":"Gardiner Dorr"},
{"id":180,"sexo":"Female","edad":52,"nombre":"Boigie Chatto"},
{"id":181,"sexo":"Male","edad":87,"nombre":"Darsie Blewis"},
{"id":182,"sexo":"Male","edad":98,"nombre":"Elisabetta Knightly"},
{"id":183,"sexo":"Female","edad":24,"nombre":"Theresita Brugden"},
{"id":184,"sexo":"Female","edad":43,"nombre":"Cristian Lucius"},
{"id":185,"sexo":"Male","edad":99,"nombre":"Laird Laundon"},
{"id":186,"sexo":"Male","edad":36,"nombre":"Dorene Eric"},
{"id":187,"sexo":"Male","edad":32,"nombre":"Tirrell Pesek"},
{"id":188,"sexo":"Female","edad":42,"nombre":"Kenn Fetteplace"},
{"id":189,"sexo":"Female","edad":76,"nombre":"Cesaro Veness"},
{"id":190,"sexo":"Male","edad":15,"nombre":"Alasdair D'Ambrogi"},
{"id":191,"sexo":"Male","edad":37,"nombre":"Cullie Anton"},
{"id":192,"sexo":"Female","edad":24,"nombre":"Erich Ginity"},
{"id":193,"sexo":"Female","edad":21,"nombre":"Chrystal Randalston"},
{"id":194,"sexo":"Male","edad":23,"nombre":"Haydon Orrey"},
{"id":195,"sexo":"Male","edad":39,"nombre":"Ricard Robel"},
{"id":196,"sexo":"Female","edad":73,"nombre":"Glendon Belsey"},
{"id":197,"sexo":"Female","edad":75,"nombre":"Nadeen Czapla"},
{"id":198,"sexo":"Female","edad":93,"nombre":"Aldin Rassell"},
{"id":199,"sexo":"Male","edad":24,"nombre":"Gwyneth Thorwarth"},
{"id":200,"sexo":"Female","edad":54,"nombre":"Greta Glenister"},
{"id":201,"sexo":"Female","edad":100,"nombre":"Borg Elderton"},
{"id":202,"sexo":"Female","edad":60,"nombre":"Bret Pidon"},
{"id":203,"sexo":"Male","edad":38,"nombre":"Borg Janc"},
{"id":204,"sexo":"Male","edad":74,"nombre":"Arnuad Meert"},
{"id":205,"sexo":"Female","edad":45,"nombre":"Durante Climson"},
{"id":206,"sexo":"Male","edad":57,"nombre":"Bertie Skynner"},
{"id":207,"sexo":"Male","edad":92,"nombre":"Helene De la Perrelle"},
{"id":208,"sexo":"Female","edad":96,"nombre":"Letizia Fruin"},
{"id":209,"sexo":"Male","edad":89,"nombre":"Lezley Woodyatt"},
{"id":210,"sexo":"Female","edad":33,"nombre":"Poppy Mettetal"},
{"id":211,"sexo":"Female","edad":47,"nombre":"Johnette Selwyne"},
{"id":212,"sexo":"Female","edad":53,"nombre":"Vivianna Sadat"},
{"id":213,"sexo":"Female","edad":16,"nombre":"Shalne Gilhouley"},
{"id":214,"sexo":"Male","edad":92,"nombre":"Maggy Ridulfo"},
{"id":215,"sexo":"Male","edad":67,"nombre":"Emmie Savatier"},
{"id":216,"sexo":"Male","edad":85,"nombre":"Antonina Giroldi"},
{"id":217,"sexo":"Female","edad":80,"nombre":"Sheela Devigne"},
{"id":218,"sexo":"Male","edad":98,"nombre":"Leyla Dingwall"},
{"id":219,"sexo":"Male","edad":53,"nombre":"Ignacio Collcutt"},
{"id":220,"sexo":"Female","edad":44,"nombre":"Samara Garfitt"},
{"id":221,"sexo":"Female","edad":71,"nombre":"Effie Basey"},
{"id":222,"sexo":"Male","edad":47,"nombre":"Ritchie Danielczyk"},
{"id":223,"sexo":"Male","edad":22,"nombre":"Griffie Pell"},
{"id":224,"sexo":"Male","edad":31,"nombre":"Noach Magauran"},
{"id":225,"sexo":"Male","edad":27,"nombre":"Florie Saph"},
{"id":226,"sexo":"Male","edad":80,"nombre":"Linc Nelligan"},
{"id":227,"sexo":"Female","edad":38,"nombre":"Drake Burgoyne"},
{"id":228,"sexo":"Female","edad":35,"nombre":"Patsy Egle"},
{"id":229,"sexo":"Male","edad":99,"nombre":"Dallas Fiorentino"},
{"id":230,"sexo":"Male","edad":34,"nombre":"Tobye Detloff"},
{"id":231,"sexo":"Male","edad":27,"nombre":"Kelley Haddrill"},
{"id":232,"sexo":"Female","edad":19,"nombre":"Coraline Gemmill"},
{"id":233,"sexo":"Male","edad":61,"nombre":"Siegfried Di Giacomo"},
{"id":234,"sexo":"Male","edad":25,"nombre":"Francois MacKaig"},
{"id":235,"sexo":"Female","edad":34,"nombre":"Durward Licciardello"},
{"id":236,"sexo":"Female","edad":30,"nombre":"Brit Butler-Bowdon"},
{"id":237,"sexo":"Female","edad":56,"nombre":"Francklyn Addicote"},
{"id":238,"sexo":"Female","edad":84,"nombre":"Paten Caen"},
{"id":239,"sexo":"Female","edad":98,"nombre":"Charmane Glanester"},
{"id":240,"sexo":"Male","edad":18,"nombre":"Di McFetridge"},
{"id":241,"sexo":"Male","edad":41,"nombre":"Hank Blankett"},
{"id":242,"sexo":"Female","edad":47,"nombre":"Maryellen Kerwin"},
{"id":243,"sexo":"Female","edad":23,"nombre":"Aurelie Bartelet"},
{"id":244,"sexo":"Female","edad":64,"nombre":"Hayyim Holstein"},
{"id":245,"sexo":"Male","edad":40,"nombre":"Maurice Crichley"},
{"id":246,"sexo":"Male","edad":36,"nombre":"Edy Mc Trusty"},
{"id":247,"sexo":"Female","edad":91,"nombre":"Philippe Pabelik"},
{"id":248,"sexo":"Female","edad":60,"nombre":"Ethelda Andrzej"},
{"id":249,"sexo":"Male","edad":20,"nombre":"Boycey Nacey"},
{"id":250,"sexo":"Female","edad":83,"nombre":"Harriot Heining"},
{"id":251,"sexo":"Male","edad":18,"nombre":"Margit Maas"},
{"id":252,"sexo":"Male","edad":59,"nombre":"Hermione Christofides"},
{"id":253,"sexo":"Male","edad":83,"nombre":"Meade Weddup"},
{"id":254,"sexo":"Female","edad":94,"nombre":"Odessa Jecks"},
{"id":255,"sexo":"Female","edad":29,"nombre":"Bea Drews"},
{"id":256,"sexo":"Male","edad":97,"nombre":"Nelli Carnoghan"},
{"id":257,"sexo":"Male","edad":23,"nombre":"Charlean Keneleyside"},
{"id":258,"sexo":"Female","edad":23,"nombre":"Lyn Lghan"},
{"id":259,"sexo":"Male","edad":93,"nombre":"Janette Augustin"},
{"id":260,"sexo":"Female","edad":84,"nombre":"Rayner Idill"},
{"id":261,"sexo":"Male","edad":34,"nombre":"Harcourt Broady"},
{"id":262,"sexo":"Female","edad":90,"nombre":"Aura Hawkins"},
{"id":263,"sexo":"Male","edad":61,"nombre":"Rodrique Parrott"},
{"id":264,"sexo":"Male","edad":76,"nombre":"Ricki Calyton"},
{"id":265,"sexo":"Male","edad":29,"nombre":"Riva Gerretsen"},
{"id":266,"sexo":"Female","edad":40,"nombre":"Maisey Cicullo"},
{"id":267,"sexo":"Male","edad":22,"nombre":"Craig Dabnor"},
{"id":268,"sexo":"Male","edad":21,"nombre":"Clarke Garr"},
{"id":269,"sexo":"Male","edad":60,"nombre":"Othella Speaks"},
{"id":270,"sexo":"Female","edad":22,"nombre":"Belia Simek"},
{"id":271,"sexo":"Female","edad":49,"nombre":"Cherise Fullegar"},
{"id":272,"sexo":"Male","edad":42,"nombre":"Jo Abbison"},
{"id":273,"sexo":"Male","edad":92,"nombre":"Olympie Saffrin"},
{"id":274,"sexo":"Male","edad":49,"nombre":"Warde Kingswoode"},
{"id":275,"sexo":"Female","edad":98,"nombre":"Waldo Varnam"},
{"id":276,"sexo":"Male","edad":72,"nombre":"Immanuel Stranks"},
{"id":277,"sexo":"Female","edad":41,"nombre":"Rodina Ashfold"},
{"id":278,"sexo":"Female","edad":52,"nombre":"Tanney Vernazza"},
{"id":279,"sexo":"Male","edad":58,"nombre":"Mitchell Woolmington"},
{"id":280,"sexo":"Female","edad":29,"nombre":"Anson Sandes"},
{"id":281,"sexo":"Male","edad":93,"nombre":"Lacee Fancott"},
{"id":282,"sexo":"Female","edad":53,"nombre":"Raychel O'Doherty"},
{"id":283,"sexo":"Male","edad":53,"nombre":"Brett Rowbottam"},
{"id":284,"sexo":"Female","edad":73,"nombre":"Olympe Lebbern"},
{"id":285,"sexo":"Female","edad":76,"nombre":"Katrine Elverstone"},
{"id":286,"sexo":"Male","edad":17,"nombre":"Goldina Behnen"},
{"id":287,"sexo":"Female","edad":66,"nombre":"Rochelle Courcey"},
{"id":288,"sexo":"Male","edad":43,"nombre":"Abramo Adair"},
{"id":289,"sexo":"Male","edad":98,"nombre":"Jacquelin McGlone"},
{"id":290,"sexo":"Female","edad":90,"nombre":"Jillana Trudgeon"},
{"id":291,"sexo":"Female","edad":46,"nombre":"Alfi Reville"},
{"id":292,"sexo":"Female","edad":52,"nombre":"Doloritas Hughson"},
{"id":293,"sexo":"Male","edad":65,"nombre":"Rosie Surgeoner"},
{"id":294,"sexo":"Male","edad":25,"nombre":"Persis Abbatt"},
{"id":295,"sexo":"Male","edad":64,"nombre":"Barbie Lutty"},
{"id":296,"sexo":"Male","edad":58,"nombre":"Morganica Seger"},
{"id":297,"sexo":"Male","edad":81,"nombre":"Conan McCormack"},
{"id":298,"sexo":"Female","edad":24,"nombre":"Eva Hedgeley"},
{"id":299,"sexo":"Male","edad":69,"nombre":"Rodolph Pavia"},
{"id":300,"sexo":"Female","edad":54,"nombre":"Cathee Quoit"},
{"id":301,"sexo":"Male","edad":69,"nombre":"Caz Galpin"},
{"id":302,"sexo":"Male","edad":56,"nombre":"Iona Fere"},
{"id":303,"sexo":"Male","edad":49,"nombre":"Martina Eckhard"},
{"id":304,"sexo":"Male","edad":36,"nombre":"Armando Kenset"},
{"id":305,"sexo":"Female","edad":30,"nombre":"Marcile Selliman"},
{"id":306,"sexo":"Female","edad":63,"nombre":"Bondy Hallgarth"},
{"id":307,"sexo":"Male","edad":75,"nombre":"Marilyn Sketch"},
{"id":308,"sexo":"Male","edad":87,"nombre":"Lidia Dackombe"},
{"id":309,"sexo":"Male","edad":55,"nombre":"Rowney Chalker"},
{"id":310,"sexo":"Male","edad":24,"nombre":"Tamma Wealleans"},
{"id":311,"sexo":"Male","edad":64,"nombre":"Mabel Fursland"},
{"id":312,"sexo":"Male","edad":47,"nombre":"Andras Gunny"},
{"id":313,"sexo":"Male","edad":61,"nombre":"Lari Loftin"},
{"id":314,"sexo":"Female","edad":39,"nombre":"Christi Bohden"},
{"id":315,"sexo":"Female","edad":80,"nombre":"Rik Stirtle"},
{"id":316,"sexo":"Female","edad":68,"nombre":"Kylen Fillary"},
{"id":317,"sexo":"Female","edad":15,"nombre":"Carita Thouless"},
{"id":318,"sexo":"Male","edad":56,"nombre":"Bette Boards"},
{"id":319,"sexo":"Female","edad":44,"nombre":"Glynnis Benzie"},
{"id":320,"sexo":"Female","edad":54,"nombre":"Chrisy Seelbach"},
{"id":321,"sexo":"Female","edad":86,"nombre":"Dael Readshall"},
{"id":322,"sexo":"Female","edad":22,"nombre":"Russ MacCartair"},
{"id":323,"sexo":"Male","edad":73,"nombre":"Deloris Wiggin"},
{"id":324,"sexo":"Male","edad":96,"nombre":"Germana Lowndesbrough"},
{"id":325,"sexo":"Female","edad":57,"nombre":"Arturo Urwen"},
{"id":326,"sexo":"Male","edad":57,"nombre":"Perri Sellens"},
{"id":327,"sexo":"Female","edad":100,"nombre":"Rosana Heller"},
{"id":328,"sexo":"Female","edad":47,"nombre":"Aldwin Ovesen"},
{"id":329,"sexo":"Male","edad":50,"nombre":"Jake Pristnor"},
{"id":330,"sexo":"Male","edad":29,"nombre":"Merilee Santus"},
{"id":331,"sexo":"Male","edad":74,"nombre":"Matthiew Bass"},
{"id":332,"sexo":"Female","edad":98,"nombre":"Yehudit Jacquet"},
{"id":333,"sexo":"Female","edad":100,"nombre":"Beniamino Rudolfer"},
{"id":334,"sexo":"Male","edad":34,"nombre":"Worth Ewing"},
{"id":335,"sexo":"Female","edad":38,"nombre":"Camila Connichie"},
{"id":336,"sexo":"Male","edad":78,"nombre":"Skye Pellew"},
{"id":337,"sexo":"Male","edad":28,"nombre":"Elden Abbs"},
{"id":338,"sexo":"Female","edad":29,"nombre":"Abigael Rengger"},
{"id":339,"sexo":"Female","edad":16,"nombre":"Phoebe Little"},
{"id":340,"sexo":"Male","edad":65,"nombre":"Lorenzo Capelen"},
{"id":341,"sexo":"Female","edad":49,"nombre":"Tye Ullyatt"},
{"id":342,"sexo":"Male","edad":91,"nombre":"Konstantin Cuckoo"},
{"id":343,"sexo":"Female","edad":65,"nombre":"Natale Samweyes"},
{"id":344,"sexo":"Male","edad":32,"nombre":"Domeniga Cubbinelli"},
{"id":345,"sexo":"Male","edad":58,"nombre":"Bogey Tokley"},
{"id":346,"sexo":"Female","edad":94,"nombre":"Cornall Eick"},
{"id":347,"sexo":"Male","edad":75,"nombre":"Kitty Vatcher"},
{"id":348,"sexo":"Male","edad":68,"nombre":"Vanda Curl"},
{"id":349,"sexo":"Male","edad":41,"nombre":"Clayton Roon"},
{"id":350,"sexo":"Female","edad":83,"nombre":"Sonya Wandrach"},
{"id":351,"sexo":"Female","edad":72,"nombre":"Ursula Kynan"},
{"id":352,"sexo":"Male","edad":29,"nombre":"Roger Jessard"},
{"id":353,"sexo":"Male","edad":25,"nombre":"Goraud Mc Dermid"},
{"id":354,"sexo":"Male","edad":18,"nombre":"Vivianna Rebillard"},
{"id":355,"sexo":"Female","edad":60,"nombre":"Julia Nerheny"},
{"id":356,"sexo":"Female","edad":98,"nombre":"Neall Reisin"},
{"id":357,"sexo":"Female","edad":85,"nombre":"Pip Kingzet"},
{"id":358,"sexo":"Male","edad":36,"nombre":"Pegeen Rowledge"},
{"id":359,"sexo":"Female","edad":27,"nombre":"Burgess Parkhouse"},
{"id":360,"sexo":"Male","edad":43,"nombre":"Jen Hewkin"},
{"id":361,"sexo":"Male","edad":65,"nombre":"Lusa Brigginshaw"},
{"id":362,"sexo":"Female","edad":43,"nombre":"Ange Belshaw"},
{"id":363,"sexo":"Female","edad":69,"nombre":"Phillis Cockerill"},
{"id":364,"sexo":"Female","edad":76,"nombre":"Saunder Pursey"},
{"id":365,"sexo":"Male","edad":44,"nombre":"Sig Hissett"},
{"id":366,"sexo":"Female","edad":75,"nombre":"Cris Brixey"},
{"id":367,"sexo":"Male","edad":64,"nombre":"Judah Fakes"},
{"id":368,"sexo":"Female","edad":36,"nombre":"Brenn Sleney"},
{"id":369,"sexo":"Male","edad":55,"nombre":"Renee De Cleen"},
{"id":370,"sexo":"Male","edad":70,"nombre":"Karia Dowsing"},
{"id":371,"sexo":"Female","edad":89,"nombre":"Zebadiah Laidlaw"},
{"id":372,"sexo":"Male","edad":96,"nombre":"Claus Staterfield"},
{"id":373,"sexo":"Female","edad":29,"nombre":"Vallie Tritton"},
{"id":374,"sexo":"Female","edad":74,"nombre":"Michaela Seyler"},
{"id":375,"sexo":"Male","edad":90,"nombre":"Darcy Nares"},
{"id":376,"sexo":"Female","edad":94,"nombre":"Byrle Jeppe"},
{"id":377,"sexo":"Female","edad":48,"nombre":"Hershel Shellshear"},
{"id":378,"sexo":"Male","edad":26,"nombre":"Gail Leyfield"},
{"id":379,"sexo":"Female","edad":98,"nombre":"Leanna Olivo"},
{"id":380,"sexo":"Female","edad":28,"nombre":"Idalina Longfellow"},
{"id":381,"sexo":"Female","edad":42,"nombre":"Rasla Matyashev"},
{"id":382,"sexo":"Female","edad":90,"nombre":"Barb Parres"},
{"id":383,"sexo":"Male","edad":90,"nombre":"Raleigh Moreton"},
{"id":384,"sexo":"Male","edad":21,"nombre":"Andrej Kleinhausen"},
{"id":385,"sexo":"Female","edad":25,"nombre":"Wes Troman"},
{"id":386,"sexo":"Female","edad":37,"nombre":"Armin Jarman"},
{"id":387,"sexo":"Female","edad":31,"nombre":"Stearn Noweak"},
{"id":388,"sexo":"Female","edad":58,"nombre":"Tove Hartland"},
{"id":389,"sexo":"Female","edad":55,"nombre":"Inge Martinets"},
{"id":390,"sexo":"Male","edad":100,"nombre":"Dorisa Mathou"},
{"id":391,"sexo":"Female","edad":94,"nombre":"Andreas Burdon"},
{"id":392,"sexo":"Male","edad":39,"nombre":"Bethany Fredi"},
{"id":393,"sexo":"Female","edad":94,"nombre":"Rosella Shirrell"},
{"id":394,"sexo":"Female","edad":57,"nombre":"Dorolisa Garnett"},
{"id":395,"sexo":"Female","edad":31,"nombre":"Lee Lauderdale"},
{"id":396,"sexo":"Female","edad":23,"nombre":"Allayne Bentson"},
{"id":397,"sexo":"Male","edad":50,"nombre":"Juliet Janes"},
{"id":398,"sexo":"Male","edad":81,"nombre":"Cazzie Stolworthy"},
{"id":399,"sexo":"Male","edad":95,"nombre":"Kailey Botcherby"},
{"id":400,"sexo":"Female","edad":15,"nombre":"Floyd Belderson"},
{"id":401,"sexo":"Female","edad":66,"nombre":"Christian Spottiswoode"},
{"id":402,"sexo":"Female","edad":55,"nombre":"Ianthe Gieraths"},
{"id":403,"sexo":"Male","edad":37,"nombre":"Janek Hugill"},
{"id":404,"sexo":"Male","edad":96,"nombre":"Gabbi Basson"},
{"id":405,"sexo":"Female","edad":54,"nombre":"Roseanne Horley"},
{"id":406,"sexo":"Female","edad":35,"nombre":"Creighton Senett"},
{"id":407,"sexo":"Male","edad":47,"nombre":"Verena Kaygill"},
{"id":408,"sexo":"Male","edad":93,"nombre":"Binnie Evamy"},
{"id":409,"sexo":"Male","edad":18,"nombre":"Cathleen Chippin"},
{"id":410,"sexo":"Male","edad":77,"nombre":"Loy Holborn"},
{"id":411,"sexo":"Male","edad":91,"nombre":"Jodi Rising"},
{"id":412,"sexo":"Male","edad":83,"nombre":"Jared Drinan"},
{"id":413,"sexo":"Female","edad":91,"nombre":"Valentino Girogetti"},
{"id":414,"sexo":"Male","edad":55,"nombre":"Morlee Beste"},
{"id":415,"sexo":"Female","edad":30,"nombre":"Adrienne Banishevitz"},
{"id":416,"sexo":"Female","edad":74,"nombre":"Yvor Iorillo"},
{"id":417,"sexo":"Female","edad":94,"nombre":"Rozalin Feitosa"},
{"id":418,"sexo":"Female","edad":53,"nombre":"Marillin Brough"},
{"id":419,"sexo":"Male","edad":87,"nombre":"Maribel Glass"},
{"id":420,"sexo":"Male","edad":45,"nombre":"Hammad Grimsell"},
{"id":421,"sexo":"Female","edad":29,"nombre":"Jason Jessopp"},
{"id":422,"sexo":"Male","edad":98,"nombre":"Thomasina Lipyeat"},
{"id":423,"sexo":"Female","edad":58,"nombre":"Chelsea Klimke"},
{"id":424,"sexo":"Male","edad":31,"nombre":"Ariela Suche"},
{"id":425,"sexo":"Female","edad":62,"nombre":"Joelie Adame"},
{"id":426,"sexo":"Male","edad":87,"nombre":"Buiron Lampard"},
{"id":427,"sexo":"Male","edad":83,"nombre":"Loise Keel"},
{"id":428,"sexo":"Male","edad":46,"nombre":"Chrissy Masey"},
{"id":429,"sexo":"Female","edad":21,"nombre":"Alfredo Downing"},
{"id":430,"sexo":"Female","edad":64,"nombre":"Godfry Dyter"},
{"id":431,"sexo":"Female","edad":20,"nombre":"Lizabeth Crosi"},
{"id":432,"sexo":"Female","edad":48,"nombre":"Northrup Bugs"},
{"id":433,"sexo":"Female","edad":98,"nombre":"Wylma McDugal"},
{"id":434,"sexo":"Male","edad":31,"nombre":"Pernell Peplay"},
{"id":435,"sexo":"Female","edad":18,"nombre":"Emili Rummings"},
{"id":436,"sexo":"Male","edad":86,"nombre":"Simonette Bentson"},
{"id":437,"sexo":"Male","edad":63,"nombre":"Lavina Pakenham"},
{"id":438,"sexo":"Female","edad":17,"nombre":"Larry Lovie"},
{"id":439,"sexo":"Female","edad":22,"nombre":"Shayne Clows"},
{"id":440,"sexo":"Male","edad":93,"nombre":"Corilla Aukland"},
{"id":441,"sexo":"Male","edad":88,"nombre":"Meghann Edmed"},
{"id":442,"sexo":"Female","edad":73,"nombre":"Evonne Reveley"},
{"id":443,"sexo":"Male","edad":100,"nombre":"Harvey Arntzen"},
{"id":444,"sexo":"Female","edad":15,"nombre":"Lavinia Prayer"},
{"id":445,"sexo":"Male","edad":90,"nombre":"Isabel Clemanceau"},
{"id":446,"sexo":"Male","edad":48,"nombre":"Felipa Litchmore"},
{"id":447,"sexo":"Female","edad":44,"nombre":"Margette Karran"},
{"id":448,"sexo":"Male","edad":97,"nombre":"Anica Midlar"},
{"id":449,"sexo":"Female","edad":64,"nombre":"Galven Kroch"},
{"id":450,"sexo":"Male","edad":35,"nombre":"Devy Nazair"},
{"id":451,"sexo":"Female","edad":21,"nombre":"Allen Pressey"},
{"id":452,"sexo":"Male","edad":96,"nombre":"Otes Rubinlicht"},
{"id":453,"sexo":"Male","edad":73,"nombre":"Ellerey Ricart"},
{"id":454,"sexo":"Male","edad":56,"nombre":"Filberte Dawney"},
{"id":455,"sexo":"Male","edad":57,"nombre":"Tawnya Chasney"},
{"id":456,"sexo":"Female","edad":23,"nombre":"Obediah Dudmesh"},
{"id":457,"sexo":"Male","edad":69,"nombre":"Carmencita McGann"},
{"id":458,"sexo":"Female","edad":25,"nombre":"Hamish Delgado"},
{"id":459,"sexo":"Male","edad":51,"nombre":"Tiphany Antonutti"},
{"id":460,"sexo":"Male","edad":74,"nombre":"Maire Bliben"},
{"id":461,"sexo":"Male","edad":87,"nombre":"Alphard Peters"},
{"id":462,"sexo":"Female","edad":67,"nombre":"Appolonia Scaife"},
{"id":463,"sexo":"Male","edad":36,"nombre":"Elwira Cheney"},
{"id":464,"sexo":"Male","edad":42,"nombre":"Stesha Sanpher"},
{"id":465,"sexo":"Male","edad":31,"nombre":"Jessee Donoher"},
{"id":466,"sexo":"Female","edad":97,"nombre":"Nanette Lark"},
{"id":467,"sexo":"Female","edad":67,"nombre":"Allister Wyeth"},
{"id":468,"sexo":"Female","edad":63,"nombre":"Lucretia Hilland"},
{"id":469,"sexo":"Male","edad":25,"nombre":"Lorin Blogg"},
{"id":470,"sexo":"Male","edad":33,"nombre":"Wiatt Rogan"},
{"id":471,"sexo":"Female","edad":69,"nombre":"Carolann Irons"},
{"id":472,"sexo":"Female","edad":25,"nombre":"Daren Kennler"},
{"id":473,"sexo":"Male","edad":77,"nombre":"Roscoe Clemence"},
{"id":474,"sexo":"Female","edad":19,"nombre":"Nils Kingsmill"},
{"id":475,"sexo":"Female","edad":62,"nombre":"Kasper Janodet"},
{"id":476,"sexo":"Male","edad":97,"nombre":"Lefty Grosier"},
{"id":477,"sexo":"Male","edad":28,"nombre":"Pauli Lemin"},
{"id":478,"sexo":"Female","edad":31,"nombre":"Heidi Guile"},
{"id":479,"sexo":"Male","edad":91,"nombre":"Cinderella Ambroise"},
{"id":480,"sexo":"Male","edad":93,"nombre":"Heida Gilhoolie"},
{"id":481,"sexo":"Female","edad":40,"nombre":"Dolf Ragless"},
{"id":482,"sexo":"Female","edad":83,"nombre":"Rickie Bealton"},
{"id":483,"sexo":"Male","edad":76,"nombre":"Isidro Fishbourn"},
{"id":484,"sexo":"Male","edad":65,"nombre":"Darsey Riquet"},
{"id":485,"sexo":"Male","edad":98,"nombre":"Ranique Lunk"},
{"id":486,"sexo":"Male","edad":55,"nombre":"Shirlee Baudic"},
{"id":487,"sexo":"Male","edad":50,"nombre":"Jeffie McQuode"},
{"id":488,"sexo":"Male","edad":83,"nombre":"Linn Kirwan"},
{"id":489,"sexo":"Female","edad":15,"nombre":"Anna Claasen"},
{"id":490,"sexo":"Male","edad":40,"nombre":"Sarah Nealey"},
{"id":491,"sexo":"Male","edad":55,"nombre":"Case Marchi"},
{"id":492,"sexo":"Female","edad":34,"nombre":"Kirk Carswell"},
{"id":493,"sexo":"Male","edad":61,"nombre":"Laurie Jaggard"},
{"id":494,"sexo":"Male","edad":70,"nombre":"Farlie Rawkesby"},
{"id":495,"sexo":"Male","edad":46,"nombre":"Annabella Bennet"},
{"id":496,"sexo":"Female","edad":83,"nombre":"Randie Hache"},
{"id":497,"sexo":"Male","edad":82,"nombre":"Joann McCawley"},
{"id":498,"sexo":"Female","edad":56,"nombre":"Tarrance Panchin"},
{"id":499,"sexo":"Female","edad":61,"nombre":"Bear Kynman"},
{"id":500,"sexo":"Female","edad":80,"nombre":"Lonny Pavlitschek"},
{"id":501,"sexo":"Male","edad":79,"nombre":"Arty Ditch"},
{"id":502,"sexo":"Female","edad":73,"nombre":"Caro Farndon"},
{"id":503,"sexo":"Female","edad":23,"nombre":"Andonis Crollman"},
{"id":504,"sexo":"Male","edad":84,"nombre":"Fred Khan"},
{"id":505,"sexo":"Female","edad":27,"nombre":"Reube Mathissen"},
{"id":506,"sexo":"Male","edad":66,"nombre":"Alan Barnewall"},
{"id":507,"sexo":"Male","edad":29,"nombre":"Elvira Alliban"},
{"id":508,"sexo":"Female","edad":77,"nombre":"Selestina Fairhall"},
{"id":509,"sexo":"Female","edad":54,"nombre":"Fletcher Keyson"},
{"id":510,"sexo":"Male","edad":73,"nombre":"Mattias Dressel"},
{"id":511,"sexo":"Female","edad":74,"nombre":"Maurits Orrice"},
{"id":512,"sexo":"Female","edad":87,"nombre":"Lyn Sibbald"},
{"id":513,"sexo":"Female","edad":49,"nombre":"Tommie Durtnel"},
{"id":514,"sexo":"Female","edad":39,"nombre":"Kelvin Burgisi"},
{"id":515,"sexo":"Female","edad":73,"nombre":"Cornie Carefull"},
{"id":516,"sexo":"Female","edad":41,"nombre":"Stephannie Creavan"},
{"id":517,"sexo":"Male","edad":36,"nombre":"Jeni Lampens"},
{"id":518,"sexo":"Female","edad":82,"nombre":"Silvio Leibold"},
{"id":519,"sexo":"Female","edad":18,"nombre":"Andie Jonas"},
{"id":520,"sexo":"Male","edad":66,"nombre":"Thorsten Elvish"},
{"id":521,"sexo":"Male","edad":49,"nombre":"Kate Palumbo"},
{"id":522,"sexo":"Female","edad":29,"nombre":"Tripp Downing"},
{"id":523,"sexo":"Female","edad":61,"nombre":"Rosabella Schulze"},
{"id":524,"sexo":"Male","edad":31,"nombre":"Barthel Myles"},
{"id":525,"sexo":"Male","edad":34,"nombre":"Siouxie Gandley"},
{"id":526,"sexo":"Female","edad":16,"nombre":"Wilhelm Turfitt"},
{"id":527,"sexo":"Male","edad":64,"nombre":"Allister Tweedlie"},
{"id":528,"sexo":"Male","edad":35,"nombre":"Hale Lathwood"},
{"id":529,"sexo":"Female","edad":32,"nombre":"Marylynne Siuda"},
{"id":530,"sexo":"Male","edad":51,"nombre":"Carlita Scibsey"},
{"id":531,"sexo":"Male","edad":78,"nombre":"Eada Stower"},
{"id":532,"sexo":"Female","edad":97,"nombre":"Eliot Peaddie"},
{"id":533,"sexo":"Female","edad":44,"nombre":"Clayborne Lundbeck"},
{"id":534,"sexo":"Male","edad":62,"nombre":"Oona Rainsdon"},
{"id":535,"sexo":"Male","edad":71,"nombre":"Erena Gouth"},
{"id":536,"sexo":"Male","edad":78,"nombre":"Kellia Aronson"},
{"id":537,"sexo":"Female","edad":79,"nombre":"Liam Klainman"},
{"id":538,"sexo":"Female","edad":21,"nombre":"Jena Kryzhov"},
{"id":539,"sexo":"Female","edad":19,"nombre":"Kathryne Impey"},
{"id":540,"sexo":"Male","edad":39,"nombre":"Shoshanna Notley"},
{"id":541,"sexo":"Female","edad":87,"nombre":"Cheslie Tevelov"},
{"id":542,"sexo":"Male","edad":34,"nombre":"Katherine Capitano"},
{"id":543,"sexo":"Male","edad":19,"nombre":"Hillel Djurevic"},
{"id":544,"sexo":"Male","edad":68,"nombre":"Dolph Markova"},
{"id":545,"sexo":"Male","edad":96,"nombre":"Vanni April"},
{"id":546,"sexo":"Male","edad":38,"nombre":"Stefa Gannicott"},
{"id":547,"sexo":"Female","edad":79,"nombre":"Alaster Redley"},
{"id":548,"sexo":"Male","edad":27,"nombre":"Fabien Slaymaker"},
{"id":549,"sexo":"Male","edad":40,"nombre":"Rhodia Lowrie"},
{"id":550,"sexo":"Female","edad":74,"nombre":"Yasmin Corradeschi"},
{"id":551,"sexo":"Male","edad":49,"nombre":"Terencio Caffrey"},
{"id":552,"sexo":"Male","edad":27,"nombre":"Stoddard Eales"},
{"id":553,"sexo":"Male","edad":44,"nombre":"Udall Jorissen"},
{"id":554,"sexo":"Female","edad":54,"nombre":"Dur Matthis"},
{"id":555,"sexo":"Female","edad":97,"nombre":"Ediva Gallehock"},
{"id":556,"sexo":"Female","edad":91,"nombre":"Veradis Giacomelli"},
{"id":557,"sexo":"Female","edad":27,"nombre":"Bertram Arrandale"},
{"id":558,"sexo":"Male","edad":48,"nombre":"Shelby Maskew"},
{"id":559,"sexo":"Male","edad":55,"nombre":"Demeter Lavarack"},
{"id":560,"sexo":"Female","edad":23,"nombre":"Ermina Rubertelli"},
{"id":561,"sexo":"Female","edad":22,"nombre":"Barrett McCarter"},
{"id":562,"sexo":"Female","edad":58,"nombre":"Bettine Eary"},
{"id":563,"sexo":"Female","edad":28,"nombre":"Gabrielle Grimster"},
{"id":564,"sexo":"Female","edad":53,"nombre":"Doralynn Erickssen"},
{"id":565,"sexo":"Female","edad":35,"nombre":"Gaylene Vreede"},
{"id":566,"sexo":"Female","edad":93,"nombre":"Ardis Dabnot"},
{"id":567,"sexo":"Female","edad":57,"nombre":"Sibella Groundwater"},
{"id":568,"sexo":"Female","edad":31,"nombre":"Arda Savatier"},
{"id":569,"sexo":"Female","edad":56,"nombre":"Bliss Athowe"},
{"id":570,"sexo":"Female","edad":86,"nombre":"Dorothee D'eath"},
{"id":571,"sexo":"Male","edad":61,"nombre":"Juliette Lomaz"},
{"id":572,"sexo":"Male","edad":40,"nombre":"Hilliary Pegden"},
{"id":573,"sexo":"Male","edad":28,"nombre":"Francisca McNish"},
{"id":574,"sexo":"Male","edad":92,"nombre":"Corissa Statersfield"},
{"id":575,"sexo":"Male","edad":15,"nombre":"Laetitia Crampton"},
{"id":576,"sexo":"Male","edad":99,"nombre":"Allen Hawkings"},
{"id":577,"sexo":"Female","edad":72,"nombre":"Clemmy Pavek"},
{"id":578,"sexo":"Female","edad":44,"nombre":"Helaine Francisco"},
{"id":579,"sexo":"Female","edad":32,"nombre":"Eloisa Whitchurch"},
{"id":580,"sexo":"Male","edad":89,"nombre":"Natalina Havis"},
{"id":581,"sexo":"Female","edad":98,"nombre":"Lucia Saywell"},
{"id":582,"sexo":"Female","edad":100,"nombre":"Dianemarie Guiducci"},
{"id":583,"sexo":"Male","edad":59,"nombre":"Silvain Serjeant"},
{"id":584,"sexo":"Female","edad":98,"nombre":"Remington Ivatts"},
{"id":585,"sexo":"Male","edad":100,"nombre":"Nikolos Gotch"},
{"id":586,"sexo":"Female","edad":30,"nombre":"Roselia Darque"},
{"id":587,"sexo":"Female","edad":45,"nombre":"Maxim Levinge"},
{"id":588,"sexo":"Male","edad":64,"nombre":"Hyman Runnicles"},
{"id":589,"sexo":"Female","edad":87,"nombre":"Codie Cobelli"},
{"id":590,"sexo":"Female","edad":19,"nombre":"Stacy Ackroyd"},
{"id":591,"sexo":"Female","edad":15,"nombre":"Wiley Springthorpe"},
{"id":592,"sexo":"Male","edad":22,"nombre":"Padraic Fann"},
{"id":593,"sexo":"Female","edad":83,"nombre":"Matty Stove"},
{"id":594,"sexo":"Female","edad":23,"nombre":"Leonidas Swinyard"},
{"id":595,"sexo":"Female","edad":50,"nombre":"Kennan Jojic"},
{"id":596,"sexo":"Female","edad":16,"nombre":"Seumas Clemenza"},
{"id":597,"sexo":"Female","edad":49,"nombre":"Stillman Favela"},
{"id":598,"sexo":"Male","edad":39,"nombre":"Jordanna Williams"},
{"id":599,"sexo":"Male","edad":58,"nombre":"Jesus Pickerill"},
{"id":600,"sexo":"Male","edad":68,"nombre":"Adi Conelly"},
{"id":601,"sexo":"Male","edad":76,"nombre":"Addison Radsdale"},
{"id":602,"sexo":"Female","edad":28,"nombre":"Claire Prujean"},
{"id":603,"sexo":"Male","edad":79,"nombre":"Riobard Eva"},
{"id":604,"sexo":"Male","edad":39,"nombre":"Libbi Bramble"},
{"id":605,"sexo":"Male","edad":62,"nombre":"Marcos Cruden"},
{"id":606,"sexo":"Female","edad":61,"nombre":"Adah Cluderay"},
{"id":607,"sexo":"Female","edad":49,"nombre":"Claudette De Bruijne"},
{"id":608,"sexo":"Female","edad":47,"nombre":"Lavinie Schwier"},
{"id":609,"sexo":"Male","edad":46,"nombre":"Rochette Bocke"},
{"id":610,"sexo":"Female","edad":68,"nombre":"Othella Sivill"},
{"id":611,"sexo":"Female","edad":84,"nombre":"Victoria Flemmich"},
{"id":612,"sexo":"Female","edad":80,"nombre":"Wylie Strapp"},
{"id":613,"sexo":"Male","edad":39,"nombre":"Alberta Brame"},
{"id":614,"sexo":"Female","edad":97,"nombre":"Myrvyn Blakiston"},
{"id":615,"sexo":"Male","edad":40,"nombre":"Meggi Ollerhead"},
{"id":616,"sexo":"Female","edad":97,"nombre":"Ferd Collingworth"},
{"id":617,"sexo":"Female","edad":18,"nombre":"Lissie Piddletown"},
{"id":618,"sexo":"Female","edad":26,"nombre":"Jilli Pallister"},
{"id":619,"sexo":"Male","edad":62,"nombre":"Cristen Riddles"},
{"id":620,"sexo":"Male","edad":43,"nombre":"Herbert Mockett"},
{"id":621,"sexo":"Male","edad":72,"nombre":"Janot Porkiss"},
{"id":622,"sexo":"Female","edad":30,"nombre":"Salli Stopper"},
{"id":623,"sexo":"Female","edad":24,"nombre":"Bar Gibbieson"},
{"id":624,"sexo":"Female","edad":83,"nombre":"Alanna Dyball"},
{"id":625,"sexo":"Female","edad":46,"nombre":"Huberto Headland"},
{"id":626,"sexo":"Female","edad":75,"nombre":"Cam Wintersgill"},
{"id":627,"sexo":"Male","edad":90,"nombre":"Mickie Coyle"},
{"id":628,"sexo":"Female","edad":83,"nombre":"Toddie McAuslan"},
{"id":629,"sexo":"Female","edad":36,"nombre":"Etty Amberger"},
{"id":630,"sexo":"Female","edad":28,"nombre":"Janith Noirel"},
{"id":631,"sexo":"Male","edad":89,"nombre":"Aaren Lonergan"},
{"id":632,"sexo":"Female","edad":34,"nombre":"Rita Selcraig"},
{"id":633,"sexo":"Female","edad":48,"nombre":"Gayel Handrik"},
{"id":634,"sexo":"Male","edad":80,"nombre":"Monti Forber"},
{"id":635,"sexo":"Male","edad":52,"nombre":"Iona Cockram"},
{"id":636,"sexo":"Male","edad":69,"nombre":"Angela Stoffers"},
{"id":637,"sexo":"Male","edad":65,"nombre":"Olive Dilworth"},
{"id":638,"sexo":"Male","edad":97,"nombre":"Myrna Westrope"},
{"id":639,"sexo":"Male","edad":45,"nombre":"Alvy Bascomb"},
{"id":640,"sexo":"Male","edad":37,"nombre":"Wandie Rhyme"},
{"id":641,"sexo":"Male","edad":17,"nombre":"Sharon Guidone"},
{"id":642,"sexo":"Female","edad":85,"nombre":"Curtis Pilipets"},
{"id":643,"sexo":"Female","edad":36,"nombre":"Elysee Matuszkiewicz"},
{"id":644,"sexo":"Male","edad":72,"nombre":"Terrance Mouncey"},
{"id":645,"sexo":"Female","edad":74,"nombre":"Sharl Spafford"},
{"id":646,"sexo":"Male","edad":29,"nombre":"Monique Salomon"},
{"id":647,"sexo":"Female","edad":94,"nombre":"Joachim Margiotta"},
{"id":648,"sexo":"Female","edad":66,"nombre":"Hester Humm"},
{"id":649,"sexo":"Female","edad":28,"nombre":"Holli Beinisch"},
{"id":650,"sexo":"Female","edad":15,"nombre":"Audry Saul"},
{"id":651,"sexo":"Male","edad":86,"nombre":"Aime Skerm"},
{"id":652,"sexo":"Female","edad":70,"nombre":"Joyan Blackeby"},
{"id":653,"sexo":"Female","edad":20,"nombre":"Othilia Sedgeworth"},
{"id":654,"sexo":"Male","edad":82,"nombre":"Antonie Mavin"},
{"id":655,"sexo":"Male","edad":85,"nombre":"Simmonds Barnhart"},
{"id":656,"sexo":"Female","edad":22,"nombre":"Pacorro Bloxsome"},
{"id":657,"sexo":"Male","edad":97,"nombre":"Inglis Ledes"},
{"id":658,"sexo":"Female","edad":96,"nombre":"Edik Wisbey"},
{"id":659,"sexo":"Female","edad":33,"nombre":"Jacinda Viveash"},
{"id":660,"sexo":"Male","edad":36,"nombre":"Tris Crosetti"},
{"id":661,"sexo":"Female","edad":31,"nombre":"Bern Puttock"},
{"id":662,"sexo":"Male","edad":45,"nombre":"Nahum Kinastan"},
{"id":663,"sexo":"Male","edad":61,"nombre":"Roz McGorley"},
{"id":664,"sexo":"Male","edad":29,"nombre":"Alair Casarino"},
{"id":665,"sexo":"Female","edad":26,"nombre":"Jamaal Stair"},
{"id":666,"sexo":"Female","edad":68,"nombre":"Brodie Luard"},
{"id":667,"sexo":"Female","edad":69,"nombre":"Sher Gresty"},
{"id":668,"sexo":"Female","edad":94,"nombre":"Benton Cowp"},
{"id":669,"sexo":"Female","edad":90,"nombre":"Casie Highwood"},
{"id":670,"sexo":"Female","edad":84,"nombre":"Knox Borgne"},
{"id":671,"sexo":"Male","edad":72,"nombre":"Addy Bigmore"},
{"id":672,"sexo":"Male","edad":15,"nombre":"Ware Kynsey"},
{"id":673,"sexo":"Male","edad":35,"nombre":"Raymond Dudley"},
{"id":674,"sexo":"Female","edad":58,"nombre":"Kathy Avrahamof"},
{"id":675,"sexo":"Female","edad":65,"nombre":"Arthur Glasebrook"},
{"id":676,"sexo":"Female","edad":76,"nombre":"Clemmie Van Merwe"},
{"id":677,"sexo":"Male","edad":86,"nombre":"Stefan Rooke"},
{"id":678,"sexo":"Female","edad":18,"nombre":"Judie Lindenboim"},
{"id":679,"sexo":"Male","edad":29,"nombre":"Teodorico Paulack"},
{"id":680,"sexo":"Female","edad":24,"nombre":"Pepita Momford"},
{"id":681,"sexo":"Female","edad":44,"nombre":"Linus Heibel"},
{"id":682,"sexo":"Male","edad":79,"nombre":"Guillemette Abramamovh"},
{"id":683,"sexo":"Male","edad":39,"nombre":"Bobbie Kienzle"},
{"id":684,"sexo":"Female","edad":47,"nombre":"Serge MacGahy"},
{"id":685,"sexo":"Female","edad":38,"nombre":"Jaclin Maden"},
{"id":686,"sexo":"Female","edad":31,"nombre":"Garrot Manginot"},
{"id":687,"sexo":"Male","edad":74,"nombre":"Yvon Bosman"},
{"id":688,"sexo":"Male","edad":61,"nombre":"Gino Macknish"},
{"id":689,"sexo":"Female","edad":75,"nombre":"Fiona Huscroft"},
{"id":690,"sexo":"Female","edad":68,"nombre":"Marillin Gligorijevic"},
{"id":691,"sexo":"Male","edad":35,"nombre":"Abby Godbert"},
{"id":692,"sexo":"Male","edad":44,"nombre":"Bank Grewcock"},
{"id":693,"sexo":"Male","edad":21,"nombre":"Mattie Haines"},
{"id":694,"sexo":"Male","edad":83,"nombre":"Lina Warton"},
{"id":695,"sexo":"Male","edad":78,"nombre":"Earle Batt"},
{"id":696,"sexo":"Female","edad":48,"nombre":"Lark Mathonnet"},
{"id":697,"sexo":"Male","edad":58,"nombre":"Humberto Dabs"},
{"id":698,"sexo":"Female","edad":97,"nombre":"Dusty Hinge"},
{"id":699,"sexo":"Male","edad":49,"nombre":"Fedora Housin"},
{"id":700,"sexo":"Female","edad":93,"nombre":"Sile Brazier"},
{"id":701,"sexo":"Female","edad":89,"nombre":"Patience Rappport"},
{"id":702,"sexo":"Male","edad":77,"nombre":"Rafaello Neeson"},
{"id":703,"sexo":"Female","edad":18,"nombre":"Faunie Mosby"},
{"id":704,"sexo":"Female","edad":41,"nombre":"Benji Sessions"},
{"id":705,"sexo":"Female","edad":52,"nombre":"Ruthie Glanton"},
{"id":706,"sexo":"Female","edad":90,"nombre":"Spenser Gallego"},
{"id":707,"sexo":"Female","edad":89,"nombre":"Alta Bushrod"},
{"id":708,"sexo":"Female","edad":59,"nombre":"Claiborne Hurne"},
{"id":709,"sexo":"Male","edad":47,"nombre":"Orville Janicijevic"},
{"id":710,"sexo":"Female","edad":23,"nombre":"Emogene Paintain"},
{"id":711,"sexo":"Male","edad":44,"nombre":"Ario Abatelli"},
{"id":712,"sexo":"Male","edad":18,"nombre":"Tuck Kynaston"},
{"id":713,"sexo":"Female","edad":85,"nombre":"Pieter Mottershaw"},
{"id":714,"sexo":"Female","edad":24,"nombre":"Atlanta Glawsop"},
{"id":715,"sexo":"Female","edad":54,"nombre":"Tanney De Goey"},
{"id":716,"sexo":"Female","edad":65,"nombre":"Robert Hellen"},
{"id":717,"sexo":"Female","edad":99,"nombre":"Gray Ropars"},
{"id":718,"sexo":"Male","edad":75,"nombre":"Maire Croutear"},
{"id":719,"sexo":"Female","edad":83,"nombre":"Birgitta Woolf"},
{"id":720,"sexo":"Female","edad":72,"nombre":"Zane Spybey"},
{"id":721,"sexo":"Male","edad":55,"nombre":"Loren Bernardot"},
{"id":722,"sexo":"Male","edad":25,"nombre":"Baudoin Folbige"},
{"id":723,"sexo":"Male","edad":91,"nombre":"Vernor Moring"},
{"id":724,"sexo":"Female","edad":46,"nombre":"Sherri Passey"},
{"id":725,"sexo":"Female","edad":16,"nombre":"Ferdinanda Johnikin"},
{"id":726,"sexo":"Female","edad":79,"nombre":"Ferdinanda Robertson"},
{"id":727,"sexo":"Male","edad":77,"nombre":"Sissie Erasmus"},
{"id":728,"sexo":"Female","edad":75,"nombre":"Miriam Keerl"},
{"id":729,"sexo":"Female","edad":41,"nombre":"Pall Warburton"},
{"id":730,"sexo":"Female","edad":64,"nombre":"Madelyn Gaynor"},
{"id":731,"sexo":"Male","edad":37,"nombre":"Brittne Mussalli"},
{"id":732,"sexo":"Male","edad":35,"nombre":"Tam Mc Pake"},
{"id":733,"sexo":"Male","edad":30,"nombre":"Beryl Cowl"},
{"id":734,"sexo":"Male","edad":40,"nombre":"Evey Kochlin"},
{"id":735,"sexo":"Male","edad":51,"nombre":"Farris Rivett"},
{"id":736,"sexo":"Female","edad":71,"nombre":"Andy Pheasant"},
{"id":737,"sexo":"Female","edad":93,"nombre":"Giselle Thirlwell"},
{"id":738,"sexo":"Male","edad":63,"nombre":"Kirby Wither"},
{"id":739,"sexo":"Male","edad":22,"nombre":"Modesta Blant"},
{"id":740,"sexo":"Female","edad":100,"nombre":"Aurelie Crockatt"},
{"id":741,"sexo":"Male","edad":66,"nombre":"Analiese Hessel"},
{"id":742,"sexo":"Female","edad":91,"nombre":"Janaye Mila"},
{"id":743,"sexo":"Male","edad":51,"nombre":"Odey Mattocks"},
{"id":744,"sexo":"Female","edad":89,"nombre":"Melony Emberton"},
{"id":745,"sexo":"Female","edad":55,"nombre":"Saundra Larderot"},
{"id":746,"sexo":"Female","edad":26,"nombre":"Dorothea Tosney"},
{"id":747,"sexo":"Male","edad":86,"nombre":"Mandi Airey"},
{"id":748,"sexo":"Female","edad":29,"nombre":"Karena Atkyns"},
{"id":749,"sexo":"Male","edad":48,"nombre":"Tanner Macek"},
{"id":750,"sexo":"Female","edad":91,"nombre":"Steven Menichillo"},
{"id":751,"sexo":"Male","edad":92,"nombre":"Ricki Gosnay"},
{"id":752,"sexo":"Male","edad":30,"nombre":"Randi Kilvington"},
{"id":753,"sexo":"Female","edad":77,"nombre":"Oneida Stoop"},
{"id":754,"sexo":"Male","edad":18,"nombre":"Madelle Brodest"},
{"id":755,"sexo":"Male","edad":57,"nombre":"Cherise Garlick"},
{"id":756,"sexo":"Male","edad":98,"nombre":"Winny Foskew"},
{"id":757,"sexo":"Female","edad":76,"nombre":"Evaleen Arents"},
{"id":758,"sexo":"Male","edad":56,"nombre":"Gayle Hewertson"},
{"id":759,"sexo":"Female","edad":59,"nombre":"Caty Reed"},
{"id":760,"sexo":"Female","edad":33,"nombre":"Iris Boultwood"},
{"id":761,"sexo":"Female","edad":50,"nombre":"Tine Darrington"},
{"id":762,"sexo":"Female","edad":60,"nombre":"Susannah Dufoure"},
{"id":763,"sexo":"Male","edad":93,"nombre":"Cleon Cristoforo"},
{"id":764,"sexo":"Female","edad":80,"nombre":"Marsh Kytter"},
{"id":765,"sexo":"Male","edad":99,"nombre":"Fergus Priestnall"},
{"id":766,"sexo":"Female","edad":63,"nombre":"Ulla McCoy"},
{"id":767,"sexo":"Male","edad":72,"nombre":"Lavinia Dow"},
{"id":768,"sexo":"Female","edad":19,"nombre":"Tessi Ettels"},
{"id":769,"sexo":"Male","edad":56,"nombre":"Patricia Jachimak"},
{"id":770,"sexo":"Male","edad":67,"nombre":"Mahala Filipson"},
{"id":771,"sexo":"Male","edad":75,"nombre":"Ertha McBayne"},
{"id":772,"sexo":"Male","edad":52,"nombre":"Marylynne Edens"},
{"id":773,"sexo":"Female","edad":91,"nombre":"Helen-elizabeth Zack"},
{"id":774,"sexo":"Female","edad":31,"nombre":"Cookie Paffley"},
{"id":775,"sexo":"Male","edad":91,"nombre":"Tiffie Ramstead"},
{"id":776,"sexo":"Male","edad":98,"nombre":"Northrop Manuello"},
{"id":777,"sexo":"Female","edad":42,"nombre":"Leanora Piccard"},
{"id":778,"sexo":"Male","edad":67,"nombre":"Elle Cowitz"},
{"id":779,"sexo":"Female","edad":73,"nombre":"Jobie Tropman"},
{"id":780,"sexo":"Male","edad":48,"nombre":"Adriana Purse"},
{"id":781,"sexo":"Male","edad":86,"nombre":"Susi Taplin"},
{"id":782,"sexo":"Male","edad":57,"nombre":"Lucy Thewlis"},
{"id":783,"sexo":"Female","edad":61,"nombre":"Ramona Alennikov"},
{"id":784,"sexo":"Male","edad":26,"nombre":"Worth Real"},
{"id":785,"sexo":"Female","edad":49,"nombre":"Elga Farry"},
{"id":786,"sexo":"Male","edad":82,"nombre":"Fernandina Scamadine"},
{"id":787,"sexo":"Male","edad":17,"nombre":"Launce Cosins"},
{"id":788,"sexo":"Male","edad":76,"nombre":"Chico Halbert"},
{"id":789,"sexo":"Male","edad":95,"nombre":"Izaak Harrigan"},
{"id":790,"sexo":"Female","edad":77,"nombre":"Jerry Carrabott"},
{"id":791,"sexo":"Female","edad":54,"nombre":"Yale Darree"},
{"id":792,"sexo":"Male","edad":93,"nombre":"Karlotta Woolam"},
{"id":793,"sexo":"Female","edad":60,"nombre":"Wilmer Whitney"},
{"id":794,"sexo":"Male","edad":42,"nombre":"Massimo Engledow"},
{"id":795,"sexo":"Female","edad":16,"nombre":"Nefen Maryet"},
{"id":796,"sexo":"Male","edad":52,"nombre":"Corina Samweyes"},
{"id":797,"sexo":"Female","edad":77,"nombre":"Karlen Lawler"},
{"id":798,"sexo":"Female","edad":68,"nombre":"Lorinda Tingey"},
{"id":799,"sexo":"Male","edad":88,"nombre":"Andriette Emig"},
{"id":800,"sexo":"Female","edad":63,"nombre":"Nariko Frandsen"},
{"id":801,"sexo":"Male","edad":52,"nombre":"Helga Youd"},
{"id":802,"sexo":"Female","edad":74,"nombre":"Janos McCooke"},
{"id":803,"sexo":"Female","edad":80,"nombre":"Evelyn Dunkley"},
{"id":804,"sexo":"Male","edad":73,"nombre":"Amalia Hearle"},
{"id":805,"sexo":"Female","edad":96,"nombre":"Austine Kaminski"},
{"id":806,"sexo":"Male","edad":40,"nombre":"Jeanie Millott"},
{"id":807,"sexo":"Male","edad":47,"nombre":"Bridget Hablet"},
{"id":808,"sexo":"Male","edad":80,"nombre":"Nessy Coggin"},
{"id":809,"sexo":"Male","edad":25,"nombre":"Cynde Gentil"},
{"id":810,"sexo":"Female","edad":40,"nombre":"Heindrick Dummett"},
{"id":811,"sexo":"Male","edad":49,"nombre":"Bobbie Munns"},
{"id":812,"sexo":"Male","edad":47,"nombre":"Germaine Beiderbeck"},
{"id":813,"sexo":"Female","edad":64,"nombre":"Sibilla Holbury"},
{"id":814,"sexo":"Male","edad":51,"nombre":"Jed Nelles"},
{"id":815,"sexo":"Female","edad":70,"nombre":"Scarlett Veschambre"},
{"id":816,"sexo":"Male","edad":37,"nombre":"Loretta Biasini"},
{"id":817,"sexo":"Male","edad":55,"nombre":"Kipper Laxe"},
{"id":818,"sexo":"Female","edad":42,"nombre":"Mirella Cawson"},
{"id":819,"sexo":"Male","edad":76,"nombre":"Haroun Lineen"},
{"id":820,"sexo":"Female","edad":31,"nombre":"Werner Skedgell"},
{"id":821,"sexo":"Female","edad":36,"nombre":"Ervin Baynton"},
{"id":822,"sexo":"Male","edad":75,"nombre":"Livia Pasfield"},
{"id":823,"sexo":"Male","edad":31,"nombre":"Caitlin Don"},
{"id":824,"sexo":"Female","edad":76,"nombre":"Rea Grisedale"},
{"id":825,"sexo":"Female","edad":72,"nombre":"Kandace Tuffin"},
{"id":826,"sexo":"Male","edad":70,"nombre":"Zacherie Waddingham"},
{"id":827,"sexo":"Male","edad":21,"nombre":"Darryl Erickson"},
{"id":828,"sexo":"Female","edad":94,"nombre":"Jourdain Sprankling"},
{"id":829,"sexo":"Female","edad":35,"nombre":"Renado Weatherell"},
{"id":830,"sexo":"Female","edad":48,"nombre":"Kati Durnan"},
{"id":831,"sexo":"Female","edad":21,"nombre":"Guthrie Jolliman"},
{"id":832,"sexo":"Male","edad":19,"nombre":"Chloris Ferier"},
{"id":833,"sexo":"Female","edad":79,"nombre":"Job MacInnes"},
{"id":834,"sexo":"Male","edad":99,"nombre":"Tarrance Rupp"},
{"id":835,"sexo":"Male","edad":25,"nombre":"Montgomery Hedge"},
{"id":836,"sexo":"Female","edad":73,"nombre":"Kyle Bodemeaid"},
{"id":837,"sexo":"Female","edad":59,"nombre":"Vilhelmina Donkersley"},
{"id":838,"sexo":"Male","edad":16,"nombre":"Morie Farrey"},
{"id":839,"sexo":"Female","edad":87,"nombre":"Troy Stebbings"},
{"id":840,"sexo":"Female","edad":74,"nombre":"Irina Mohamed"},
{"id":841,"sexo":"Female","edad":21,"nombre":"Victoria Colbertson"},
{"id":842,"sexo":"Male","edad":67,"nombre":"Brinn Schutt"},
{"id":843,"sexo":"Female","edad":76,"nombre":"Debi Adam"},
{"id":844,"sexo":"Female","edad":63,"nombre":"Eda Zorer"},
{"id":845,"sexo":"Female","edad":25,"nombre":"Marchelle Scarrisbrick"},
{"id":846,"sexo":"Female","edad":61,"nombre":"Elfrida Seeman"},
{"id":847,"sexo":"Male","edad":93,"nombre":"Ambur Hof"},
{"id":848,"sexo":"Male","edad":82,"nombre":"Nikolaos Lardeur"},
{"id":849,"sexo":"Male","edad":37,"nombre":"Peggie Benedtti"},
{"id":850,"sexo":"Female","edad":62,"nombre":"Iggy Pimme"},
{"id":851,"sexo":"Male","edad":15,"nombre":"Breanne Tideswell"},
{"id":852,"sexo":"Female","edad":16,"nombre":"Jordanna Fazan"},
{"id":853,"sexo":"Female","edad":43,"nombre":"Morry Ineson"},
{"id":854,"sexo":"Female","edad":91,"nombre":"Sibby Wilman"},
{"id":855,"sexo":"Female","edad":82,"nombre":"Norrie Oosthout de Vree"},
{"id":856,"sexo":"Female","edad":34,"nombre":"Amalle Skeffington"},
{"id":857,"sexo":"Female","edad":32,"nombre":"Sophie Rzehorz"},
{"id":858,"sexo":"Female","edad":50,"nombre":"Codie Guilleton"},
{"id":859,"sexo":"Male","edad":97,"nombre":"Marcy Bill"},
{"id":860,"sexo":"Male","edad":28,"nombre":"Fancy Beckitt"},
{"id":861,"sexo":"Female","edad":36,"nombre":"Alana Stiegers"},
{"id":862,"sexo":"Female","edad":63,"nombre":"Reeta Tollit"},
{"id":863,"sexo":"Male","edad":78,"nombre":"Francois Ebbers"},
{"id":864,"sexo":"Male","edad":65,"nombre":"Hayes Woodnutt"},
{"id":865,"sexo":"Male","edad":32,"nombre":"Concordia Bavester"},
{"id":866,"sexo":"Male","edad":74,"nombre":"Hyacinthia Ingarfield"},
{"id":867,"sexo":"Male","edad":47,"nombre":"Loni Doll"},
{"id":868,"sexo":"Female","edad":78,"nombre":"Emile Curnucke"},
{"id":869,"sexo":"Male","edad":22,"nombre":"Rose Dearell"},
{"id":870,"sexo":"Female","edad":45,"nombre":"Marie Vermer"},
{"id":871,"sexo":"Male","edad":33,"nombre":"Kym Van Halen"},
{"id":872,"sexo":"Female","edad":49,"nombre":"Madlen McCullough"},
{"id":873,"sexo":"Male","edad":20,"nombre":"Nanette Ronayne"},
{"id":874,"sexo":"Female","edad":15,"nombre":"Rowen Kinnett"},
{"id":875,"sexo":"Female","edad":41,"nombre":"Violet Easson"},
{"id":876,"sexo":"Female","edad":88,"nombre":"Amalia Stubbley"},
{"id":877,"sexo":"Female","edad":77,"nombre":"Joyce Novakovic"},
{"id":878,"sexo":"Female","edad":72,"nombre":"Toby Kemson"},
{"id":879,"sexo":"Female","edad":71,"nombre":"Erda MacTrustie"},
{"id":880,"sexo":"Male","edad":67,"nombre":"Trude Reyner"},
{"id":881,"sexo":"Female","edad":16,"nombre":"Ferdy Stuehmeyer"},
{"id":882,"sexo":"Male","edad":73,"nombre":"Bink Le Pruvost"},
{"id":883,"sexo":"Male","edad":36,"nombre":"Lynnea Chantler"},
{"id":884,"sexo":"Female","edad":28,"nombre":"Nelle Orrah"},
{"id":885,"sexo":"Male","edad":97,"nombre":"Hally Gatesman"},
{"id":886,"sexo":"Male","edad":75,"nombre":"Liza Diment"},
{"id":887,"sexo":"Female","edad":42,"nombre":"Lombard Zavattero"},
{"id":888,"sexo":"Female","edad":61,"nombre":"Ash Klimas"},
{"id":889,"sexo":"Male","edad":28,"nombre":"Emlynn Clougher"},
{"id":890,"sexo":"Male","edad":88,"nombre":"Elise Crowley"},
{"id":891,"sexo":"Male","edad":99,"nombre":"Barry O'Cannovane"},
{"id":892,"sexo":"Female","edad":57,"nombre":"Stavros Ferrie"},
{"id":893,"sexo":"Female","edad":29,"nombre":"Dorian Duffil"},
{"id":894,"sexo":"Female","edad":78,"nombre":"Mareah Florez"},
{"id":895,"sexo":"Male","edad":95,"nombre":"Sawyer Maple"},
{"id":896,"sexo":"Male","edad":64,"nombre":"George Pendred"},
{"id":897,"sexo":"Female","edad":80,"nombre":"Cosette Frissell"},
{"id":898,"sexo":"Male","edad":82,"nombre":"Ralf Rawle"},
{"id":899,"sexo":"Female","edad":22,"nombre":"Crichton Scedall"},
{"id":900,"sexo":"Female","edad":87,"nombre":"Dinny Arundel"},
{"id":901,"sexo":"Male","edad":49,"nombre":"Sheela Willgoss"},
{"id":902,"sexo":"Female","edad":74,"nombre":"Samuel Hilbourne"},
{"id":903,"sexo":"Male","edad":23,"nombre":"Sergent Skiggs"},
{"id":904,"sexo":"Female","edad":83,"nombre":"Woodman Swancott"},
{"id":905,"sexo":"Female","edad":52,"nombre":"Nicol Alyoshin"},
{"id":906,"sexo":"Female","edad":69,"nombre":"Jeanelle Alebrooke"},
{"id":907,"sexo":"Male","edad":46,"nombre":"Benetta Boater"},
{"id":908,"sexo":"Female","edad":87,"nombre":"Noellyn Aymer"},
{"id":909,"sexo":"Female","edad":89,"nombre":"Cleve Flear"},
{"id":910,"sexo":"Female","edad":40,"nombre":"Casar Capeling"},
{"id":911,"sexo":"Male","edad":35,"nombre":"Whittaker Scoon"},
{"id":912,"sexo":"Male","edad":40,"nombre":"Valentine Cleaves"},
{"id":913,"sexo":"Male","edad":21,"nombre":"Ado Parsand"},
{"id":914,"sexo":"Female","edad":82,"nombre":"Marlo Nekrews"},
{"id":915,"sexo":"Male","edad":24,"nombre":"Madelin Casley"},
{"id":916,"sexo":"Male","edad":82,"nombre":"Kerry Castellani"},
{"id":917,"sexo":"Female","edad":84,"nombre":"Sephira Culcheth"},
{"id":918,"sexo":"Male","edad":44,"nombre":"Crichton Blaschke"},
{"id":919,"sexo":"Male","edad":94,"nombre":"Henrietta Wardlow"},
{"id":920,"sexo":"Female","edad":70,"nombre":"Cam Farnhill"},
{"id":921,"sexo":"Male","edad":73,"nombre":"Hollie Ranyelld"},
{"id":922,"sexo":"Female","edad":73,"nombre":"Heall Ayre"},
{"id":923,"sexo":"Male","edad":29,"nombre":"Brigham Garth"},
{"id":924,"sexo":"Male","edad":77,"nombre":"Kacie Haylett"},
{"id":925,"sexo":"Male","edad":33,"nombre":"Mikkel Reaney"},
{"id":926,"sexo":"Female","edad":17,"nombre":"Sol Humphries"},
{"id":927,"sexo":"Female","edad":82,"nombre":"Devonna MacGillivray"},
{"id":928,"sexo":"Male","edad":48,"nombre":"Kira Slograve"},
{"id":929,"sexo":"Male","edad":81,"nombre":"Helena Melby"},
{"id":930,"sexo":"Female","edad":17,"nombre":"Eduardo Rosini"},
{"id":931,"sexo":"Female","edad":57,"nombre":"Giavani Lawley"},
{"id":932,"sexo":"Male","edad":33,"nombre":"Bar Edmons"},
{"id":933,"sexo":"Male","edad":51,"nombre":"Ernest Ewers"},
{"id":934,"sexo":"Male","edad":25,"nombre":"Cyrillus Sofe"},
{"id":935,"sexo":"Female","edad":43,"nombre":"Theo Tytler"},
{"id":936,"sexo":"Female","edad":49,"nombre":"Allyn Grundle"},
{"id":937,"sexo":"Male","edad":92,"nombre":"Karlotta Brooke"},
{"id":938,"sexo":"Male","edad":76,"nombre":"Calley Caldaro"},
{"id":939,"sexo":"Male","edad":15,"nombre":"Natassia Handrahan"},
{"id":940,"sexo":"Female","edad":96,"nombre":"Alejandra Foulcher"},
{"id":941,"sexo":"Female","edad":19,"nombre":"Shanan Naerup"},
{"id":942,"sexo":"Female","edad":25,"nombre":"Clevey Rodolfi"},
{"id":943,"sexo":"Male","edad":22,"nombre":"Gunner Cumberpatch"},
{"id":944,"sexo":"Female","edad":54,"nombre":"Lisa Howsan"},
{"id":945,"sexo":"Female","edad":23,"nombre":"Skell Cescotti"},
{"id":946,"sexo":"Female","edad":60,"nombre":"Mayer Lifton"},
{"id":947,"sexo":"Female","edad":17,"nombre":"Rowen Dorgan"},
{"id":948,"sexo":"Female","edad":47,"nombre":"Nananne Pedley"},
{"id":949,"sexo":"Male","edad":37,"nombre":"Dane Lund"},
{"id":950,"sexo":"Male","edad":39,"nombre":"Marianna Nise"},
{"id":951,"sexo":"Female","edad":62,"nombre":"Philip Palffy"},
{"id":952,"sexo":"Male","edad":36,"nombre":"Rudy Summerlad"},
{"id":953,"sexo":"Male","edad":17,"nombre":"Guglielmo Holywell"},
{"id":954,"sexo":"Female","edad":91,"nombre":"Lanny Godfrey"},
{"id":955,"sexo":"Female","edad":88,"nombre":"Kent MacKintosh"},
{"id":956,"sexo":"Female","edad":82,"nombre":"Christean Perse"},
{"id":957,"sexo":"Female","edad":32,"nombre":"Zsa zsa Heintsch"},
{"id":958,"sexo":"Male","edad":83,"nombre":"Brandais Ewbanche"},
{"id":959,"sexo":"Male","edad":61,"nombre":"Gabriela Denver"},
{"id":960,"sexo":"Male","edad":58,"nombre":"Oran Canham"},
{"id":961,"sexo":"Male","edad":42,"nombre":"Tabina Dmisek"},
{"id":962,"sexo":"Male","edad":20,"nombre":"Tailor Gotfrey"},
{"id":963,"sexo":"Male","edad":49,"nombre":"Cooper Hughesdon"},
{"id":964,"sexo":"Male","edad":15,"nombre":"Ezekiel Seeman"},
{"id":965,"sexo":"Male","edad":56,"nombre":"Cris Huskisson"},
{"id":966,"sexo":"Female","edad":98,"nombre":"Esma Dragonette"},
{"id":967,"sexo":"Female","edad":15,"nombre":"Silvie Feldhammer"},
{"id":968,"sexo":"Male","edad":56,"nombre":"Rafaellle Kibel"},
{"id":969,"sexo":"Female","edad":48,"nombre":"Caz Robyns"},
{"id":970,"sexo":"Male","edad":24,"nombre":"Melinda Evitts"},
{"id":971,"sexo":"Female","edad":83,"nombre":"Dex Scraggs"},
{"id":972,"sexo":"Male","edad":55,"nombre":"Alexia Bennough"},
{"id":973,"sexo":"Male","edad":84,"nombre":"Virgie Roote"},
{"id":974,"sexo":"Female","edad":50,"nombre":"Donal Riehm"},
{"id":975,"sexo":"Male","edad":15,"nombre":"Caryn Varley"},
{"id":976,"sexo":"Female","edad":71,"nombre":"Bartholomeus Broadhurst"},
{"id":977,"sexo":"Male","edad":46,"nombre":"Analise Rubinovitch"},
{"id":978,"sexo":"Female","edad":36,"nombre":"Jarrett MacDirmid"},
{"id":979,"sexo":"Female","edad":93,"nombre":"Forrest Cane"},
{"id":980,"sexo":"Female","edad":51,"nombre":"Rogers Gregr"},
{"id":981,"sexo":"Male","edad":28,"nombre":"Winne Gallagher"},
{"id":982,"sexo":"Male","edad":70,"nombre":"Zak Manifold"},
{"id":983,"sexo":"Female","edad":57,"nombre":"Vladamir Stockbridge"},
{"id":984,"sexo":"Female","edad":68,"nombre":"Albina Farny"},
{"id":985,"sexo":"Male","edad":91,"nombre":"Hyacinth McKinnon"},
{"id":986,"sexo":"Male","edad":47,"nombre":"Josephine Lippo"},
{"id":987,"sexo":"Female","edad":52,"nombre":"Trudi Engley"},
{"id":988,"sexo":"Male","edad":49,"nombre":"Emmi Loch"},
{"id":989,"sexo":"Male","edad":25,"nombre":"Fabio Rawle"},
{"id":990,"sexo":"Female","edad":77,"nombre":"Demetra Klauer"},
{"id":991,"sexo":"Female","edad":49,"nombre":"Donni Ilden"},
{"id":992,"sexo":"Female","edad":96,"nombre":"Rasia Ghiotto"},
{"id":993,"sexo":"Female","edad":71,"nombre":"Nerti Fowkes"},
{"id":994,"sexo":"Male","edad":68,"nombre":"Kaleena Spreadbury"},
{"id":995,"sexo":"Female","edad":83,"nombre":"Deidre Dowsing"},
{"id":996,"sexo":"Female","edad":99,"nombre":"Marco Lowfill"},
{"id":997,"sexo":"Female","edad":52,"nombre":"Bamby Phizaclea"},
{"id":998,"sexo":"Male","edad":56,"nombre":"Fanni Ohrtmann"},
{"id":999,"sexo":"Female","edad":44,"nombre":"Nevins Hassen"},
{"id":1000,"sexo":"Male","edad":18,"nombre":"Regan MacCallion"}]