{
  "project_info": {
    "project_number": "516318346970",
    "firebase_url": "https://chatapp-e9a1d.firebaseio.com",
    "project_id": "chatapp-e9a1d",
    "storage_bucket": "chatapp-e9a1d.appspot.com"
  },
  "client": [
    {
      "client_info": {
        "mobilesdk_app_id": "1:516318346970:android:43fb9e65adc5b113",
        "android_client_info": {
          "package_name": "es.vcarmen.chatapp"
        }
      },
      "oauth_client": [
        {
          "client_id": "516318346970-e3h1mgr9gi5n48sh91c2p24no0g8g61i.apps.googleusercontent.com",
          "client_type": 1,
          "android_info": {
            "package_name": "es.vcarmen.chatapp",
            "certificate_hash": "0920684ecd467f731da321ff30b5a0ad8d28d43e"
          }
        },
        {
          "client_id": "516318346970-mlekia579d38e1g6g628mbsh0dckhsv1.apps.googleusercontent.com",
          "client_type": 3
        }
      ],
      "api_key": [
        {
          "current_key": "AIzaSyBPGFeiM7qyc7SG82KFurUmjqHR1yrxcOQ"
        }
      ],
      "services": {
        "analytics_service": {
          "status": 1
        },
        "appinvite_service": {
          "status": 2,
          "other_platform_oauth_client": [
            {
              "client_id": "516318346970-mlekia579d38e1g6g628mbsh0dckhsv1.apps.googleusercontent.com",
              "client_type": 3
            }
          ]
        },
        "ads_service": {
          "status": 2
        }
      }
    }
  ],
  "configuration_version": "1"
}